Code lpp;TSCOD1
1100028;S
1100034;A
1100040;R
1100070;T
1100086;A
1100229;R
1100235;A
1100241;A
1100287;T
1100413;A
1100614;R
1100620;R
1100637;R
1100650;S
1100666;T
1100838;A
1100850;T
1100867;R
1101111;O
1101186;G
1101230;A
1101306;A
1101312;T
1101559;O
1101565;A
1101648;T
1101720;H
1101750;A
1101795;A
1101803;A
1101826;H
1101909;A
1101938;G
1101950;R
1101980;T
1102257;H
1102270;T
1102300;G
1102330;H
1102375;S
1102464;R
1102470;R
1102731;R
1102777;A
1102814;A
1102866;R
1102872;H
1102895;T
1102961;A
1103015;R
1103140;A
1103156;R
1103216;G
1103297;R
1103392;T
1103417;A
1103446;R
1103535;A
1103564;G
1103570;H
1103587;A
1103618;O
1103647;T
1103720;R
1103802;G
1103819;G
1103848;G
1103854;R
1103860;A
1104262;A
1104285;R
1104339;A
1104405;R
1104612;A
1104629;T
1104658;O
1104776;O
1104960;R
1105008;A
1105043;A
1105184;R
1105215;A
1105391;R
1105416;R
1105497;A
1105528;R
1105570;H
1105646;T
1105712;A
1105764;T
1105899;A
1105920;H
1105965;A
1105971;T
1106137;A
1106485;S
1106516;G
1106539;A
1106663;R
1106700;G
1106752;G
1106924;S
1106976;A
1107042;R
1107059;T
1107088;A
1107148;R
1107183;R
1107250;T
1107272;R
1107450;T
1107504;A
1107579;R
1107591;A
1107674;T
1107711;A
1107763;R
1107770;G
1107786;A
1107792;O
1107800;R
1107958;R
1107993;T
1108018;A
1108060;A
1108142;A
1108202;C
1108231;H
1108248;A
1108283;G
1108290;R
1108320;A
1108350;H
1108410;A
1108515;A
1108544;R
1108739;R
1108917;R
1109035;T
1109101;A
1109130;R
1109182;T
1109220;A
1109259;S
1109288;T
1109302;T
1109360;A
1109673;A
1109874;A
1109928;A
1109957;A
1110021;G
1110073;D
1110080;R
1110104;T
1110127;A
1110162;A
1110305;A
1110370;A
1110529;A
1110541;H
1110570;H
1110624;H
1110720;H
1110848;T
1110854;T
1110890;T
1110908;H
1111010;A
1111233;R
1111339;R
1111368;T
1111517;A
1111523;G
1111687;T
1111701;G
1111718;T
1111724;A
1111760;G
1111782;T
1111836;G
1111902;A
1111954;R
1111960;G
1111977;T
1111983;T
1111990;H
1112050;R
1112103;A
1112155;T
1112161;C
1112178;G
1112209;T
1112250;O
1112304;T
1112391;H
1112540;A
1112570;O
1112669;G
1112712;H
1112793;A
1112801;T
1112830;R
1113090;R
1113210;A
1113249;G
1113261;H
1113373;H
1113427;H
1113462;A
1113545;R
1113746;G
1113901;A
1113918;G
1113930;R
1113976;S
1114088;H
1114119;A
1114237;A
1114266;A
1114272;O
1114303;T
1114310;R
1114361;A
1114527;R
1114540;H
1114645;R
1114881;T
1115047;H
1115171;S
1115219;A
1115254;T
1115277;T
1115372;A
1115455;R
1115478;O
1115538;R
1115544;A
1115863;R
1115923;D
1116058;A
1116325;A
1116383;A
1116420;T
1116437;T
1116443;G
1116450;R
1116584;T
1116680;R
1116880;R
1116897;A
1116905;A
1116911;R
1116928;H
1116934;T
1117106;A
1117112;A
1117129;H
1117201;H
1117276;H
1117307;H
1117454;H
1117721;T
1117922;S
1117974;A
1118028;T
1118070;A
1118241;A
1118264;A
1118270;G
1118287;A
1118324;R
1118465;D
1118525;A
1118614;R
1118761;T
1118904;R
1118962;A
1119016;R
1119045;R
1119134;R
1119186;T
1119217;A
1119269;T
1119275;A
1119370;T
1119387;H
1119393;A
1119424;G
1119542;R
1119559;A
1119631;A
1119648;T
1119750;S
1119789;R
1119795;G
1119826;R
1119832;C
1120108;R
1120120;A
1120137;R
1120261;T
1120338;R
1120373;O
1120396;A
1120404;A
1120427;A
1120522;T
1120597;A
1120663;H
1120686;D
1120717;G
1120723;R
1120775;O
1120947;A
1120999;A
1121119;H
1121125;G
1121131;R
1121237;G
1121243;H
1121250;G
1121295;T
1121326;T
1121332;H
1121421;R
1121600;A
1121616;A
1121668;T
1121705;H
1121711;G
1121740;A
1121800;H
1121898;A
1121941;A
1121987;N
1122018;G
1122024;R
1122030;H
1122047;A
1122053;R
1122060;H
1122076;A
1122194;R
1122231;A
1122283;G
1122337;R
1122395;T
1122484;T
1122509;T
1122521;A
1122627;A
1122662;R
1122679;A
1122780;T
1122870;A
1122892;H
1122946;R
1122975;A
1123006;G
1123147;H
1123242;R
1123271;H
1123414;R
1123510;R
1123609;R
1123710;A
1123791;T
1123839;S
1123911;A
1124098;T
1124112;R
1124135;R
1124460;R
1124566;G
1124632;T
1124690;A
1124767;A
1124796;R
1124827;G
1125086;A
1125092;D
1125100;R
1125117;A
1125229;T
1125241;H
1125270;A
1125287;R
1125301;R
1125420;A
1125459;A
1125502;O
1125519;A
1125525;T
1125531;R
1125620;R
1125637;S
1125695;A
1125749;G
1125790;R
1125873;R
1126097;T
1126128;T
1126217;O
1126275;R
1126358;A
1126364;T
1126401;R
1126460;G
1126513;N
1126520;A
1126542;A
1126571;R
1126660;R
1126677;A
1126683;A
1126690;T
1126708;R
1126714;T
1126720;R
1126737;H
1126766;A
1126772;T
1126789;T
1126861;G
1127168;G
1127180;A
1127211;C
1127228;R
1127352;H
1127406;T
1127435;A
1127553;R
1127607;R
1127665;A
1127688;R
1127955;T
1127978;G
1128044;A
1128067;A
1128104;R
1128110;A
1128200;G
1128239;S
1128328;T
1128334;H
1128370;G
1128423;R
1128475;H
1128481;R
1128498;A
1128529;R
1128624;O
1128630;A
1128713;T
1128720;A
1128854;C
1128877;A
1128914;O
1129003;S
1129026;T
1129061;A
1129109;A
1129144;A
1129204;R
1129210;H
1129374;G
1129428;A
1129434;T
1129440;A
1129517;A
1129606;T
1129635;R
1129724;A
1129747;A
1129888;R
1129977;A
1129990;R
1130058;H
1130124;S
1130147;G
1130153;R
1130160;S
1130176;R
1130220;R
1130236;R
1130271;A
1130288;G
1130325;G
1130348;A
1130354;T
1130377;T
1130420;T
1130472;A
1130495;O
1130578;A
1130800;A
1130816;G
1130822;A
1130839;A
1130897;R
1130970;R
1131023;G
1131030;T
1131135;O
1131141;R
1131170;H
1131218;A
1131307;G
1131336;A
1131342;T
1131359;A
1131589;R
1131595;R
1131610;A
1131690;H
1131804;G
1131810;A
1131827;A
1131862;A
1131891;R
1132086;H
1132092;R
1132130;A
1132181;S
1132212;T
1132270;R
1132287;A
1132376;R
1132442;R
1132471;S
1132502;A
1132519;G
1132531;G
1132548;A
1132554;G
1132560;T
1132608;R
1132850;H
1132985;A
1133163;R
1133430;R
1133625;G
1133690;R
1133795;R
1133832;R
1133878;T
1133915;G
1133996;A
1134091;H
1134205;A
1134211;T
1134240;N
1134263;R
1134323;A
1134435;T
1134441;H
1134464;R
1134560;H
1134576;A
1134702;R
1134760;G
1134777;A
1134783;R
1134866;A
1134955;T
1134961;A
1134984;A
1135156;O
1135305;T
1135392;R
1135498;S
1135506;G
1135529;O
1135794;A
1135854;O
1135890;G
1136061;T
1136121;A
1136144;R
1136227;R
1136256;A
1136316;G
1136345;H
1136581;R
1136629;R
1136730;A
1136836;G
1136842;A
1136894;H
1136925;S
1136990;A
1137095;T
1137155;O
1137184;H
1137221;R
1137267;A
1137439;A
1137600;O
1137801;A
1137818;R
1137899;H
1137920;H
1138031;A
1138077;H
1138090;H
1138150;A
1138203;T
1138232;N
1138309;T
1138315;R
1138440;A
1138634;R
1138657;A
1138746;A
1138841;T
1138953;R
1139020;A
1139266;R
1139295;T
1139349;A
1139390;G
1139510;A
1139527;A
1139616;H
1139680;T
1139770;A
1139817;H
1139823;H
1139964;G
1139987;T
1140039;R
1140045;A
1140051;H
1140068;T
1140074;R
1140252;A
1140364;H
1140387;A
1140482;A
1140499;H
1140690;T
1140720;A
1140772;A
1140832;C
1140849;A
1140909;G
1140921;C
1140973;T
1140980;T
1141027;T
1141056;O
1141116;R
1141197;R
1141205;R
1141270;T
1141330;A
1141346;O
1141412;H
1141487;T
1141599;T
1141607;A
1141731;B
1141790;A
1141814;A
1141949;T
1141961;A
1141990;T
1142015;T
1142334;A
1142417;R
1142498;A
1142535;A
1142541;R
1142558;R
1142660;G
1142854;A
1142883;H
1142950;O
1143138;T
1143233;T
1143279;T
1143374;T
1143470;R
1143523;A
1143530;R
1143894;H
1143983;R
1144103;R
1144161;O
1144238;A
1144267;T
1144468;R
1144617;S
1144630;T
1144652;R
1144681;T
1144698;A
1144712;H
1144920;A
1144936;R
1145002;R
1145031;T
1145108;A
1145137;T
1145210;A
1145404;R
1145410;T
1145605;G
1145692;A
1145700;R
1145723;R
1145730;A
1145999;H
1146071;A
1146148;O
1146183;H
1146190;S
1146332;H
1146349;T
1146444;R
1146645;G
1146697;O
1146705;T
1146763;D
1146770;G
1146792;G
1146817;T
1146898;O
1146935;G
1146964;O
1147194;H
1147260;G
1147308;H
1147314;G
1147366;D
1147403;A
1147509;G
1147567;R
1147596;N
1147691;A
1147700;T
1147805;R
1147863;H
1148058;A
1148064;R
1148070;R
1148124;G
1148130;R
1148259;A
1148555;T
1148667;R
1148710;R
1148791;T
1148845;A
1148970;T
1149052;R
1149098;T
1149106;R
1149141;T
1149282;R
1149365;R
1149448;O
1149514;S
1149543;G
1149566;R
1149610;A
1149632;R
1149649;T
1149833;R
1149945;R
1150084;T
1150167;T
1150210;A
1150339;R
1150380;A
1150523;A
1150629;T
1150635;R
1150718;H
1150865;T
1150871;A
1150925;T
1150931;A
1150954;T
1150990;H
1151126;D
1151161;R
1151178;H
1151190;R
1151250;R
1151333;A
1151451;A
1151468;A
1151497;A
1151675;H
1151681;R
1151818;G
1151907;R
1151942;R
1152019;A
1152060;A
1152150;H
1152189;H
1152249;A
1152261;T
1152380;T
1152410;T
1152427;A
1152686;R
1152730;R
1152769;A
1152887;A
1152893;S
1152960;G
1153059;H
1153071;G
1153102;A
1153125;R
1153208;A
1153250;T
1153467;T
1153480;A
1153600;T
1153616;T
1153622;T
1153705;T
1153786;A
1153792;A
1153823;A
1153830;T
1153898;G
1154018;T
1154099;A
1154290;R
1154372;A
1154395;G
1154449;A
1154544;A
1154610;H
1154739;T
1154780;G
1154857;H
1154863;A
1154886;R
1154917;G
1155006;G
1155064;A
1155093;G
1155130;A
1155302;H
1155331;A
1155414;R
1155466;G
1155489;A
1155495;A
1155680;T
1155800;A
1155897;A
1155928;A
1155963;T
1155986;A
1156023;T
1156052;G
1156201;A
1156678;A
1156684;O
1156767;R
1156773;T
1156780;A
1156945;O
1156980;A
1156997;A
1157181;R
1157212;H
1157301;C
1157318;T
1157399;A
1157459;R
1157465;A
1157471;G
1157531;A
1157560;A
1157637;R
1157689;R
1157732;G
1157910;A
1158111;A
1158329;R
1158335;R
1158370;A
1158476;H
1158536;G
1158559;A
1158737;R
1158803;T
1158832;R
1158973;R
1159040;A
1159056;T
1159062;T
1159100;A
1159174;H
1159234;R
1159240;T
1159257;S
1159270;A
1159323;G
1159429;G
1159441;T
1159814;T
1159984;T
1160533;H
1160600;G
1160645;R
1160792;A
1160800;A
1160817;R
1160823;R
1160830;G
1160912;O
1160958;S
1160964;O
1160987;T
1161024;T
1161060;R
1161107;H
1161113;R
1161248;A
1161277;T
1161550;A
1161662;G
1161780;A
1161805;R
1161870;A
1161946;A
1162006;R
1162035;R
1162093;R
1162124;R
1162147;H
1162437;R
1162510;A
1162590;R
1162644;R
1162680;A
1162704;R
1163017;G
1163030;R
1163069;A
1163081;A
1163201;A
1163224;A
1163460;R
1163514;A
1163709;A
1163773;H
1163804;A
1163856;H
1163879;R
1163891;H
1163916;R
1163922;S
1163939;R
1163951;R
1163968;G
1164028;R
1164040;G
1164100;R
1164181;A
1164264;A
1164420;A
1164531;R
1164710;R
1164778;T
1164904;H
1164910;R
1164956;S
1164991;H
1165163;R
1165186;G
1165364;G
1165460;H
1165476;R
1165507;S
1165631;O
1165660;S
1165683;A
1165708;A
1165737;A
1165938;R
1165944;R
1165967;R
1166033;T
1166056;T
1166100;H
1166116;R
1166300;R
1166412;A
1166620;O
1166688;R
1166808;T
1166820;R
1166843;A
1166903;R
1167050;A
1167096;R
1167200;R
1167216;R
1167251;A
1167363;G
1167392;G
1167400;S
1167498;H
1167570;R
1167601;R
1167647;A
1167890;R
1167937;R
1168049;A
1168115;H
1168339;T
1168345;A
1168380;A
1168411;A
1168463;R
1168470;T
1168500;O
1168552;A
1168569;R
1168581;S
1168776;A
1168807;G
1168954;A
1169008;H
1169149;A
1169184;A
1169296;T
1169304;R
1169310;R
1169445;G
1169586;R
1169630;A
1169675;T
1169729;A
1169735;A
1169758;H
1169847;R
1170129;H
1170193;O
1170218;G
1170224;A
1170260;H
1170419;T
1170632;A
1170661;A
1170684;G
1170709;O
1170833;T
1170862;H
1170980;H
1171063;A
1171181;H
1171258;T
1171270;A
1171287;A
1171407;G
1171465;A
1171471;T
1171614;R
1171689;H
1171695;A
1171710;A
1171726;R
1171761;R
1171790;R
1171979;G
1172022;A
1172140;A
1172217;T
1172306;R
1172364;A
1172447;A
1172460;N
1172513;R
1172619;T
1172766;O
1172772;R
1172861;H
1172967;R
1173056;H
1173062;G
1173174;R
1173270;G
1173330;A
1173458;T
1173464;R
1173487;H
1173493;R
1173553;T
1173560;R
1173636;A
1173642;A
1173688;A
1173694;T
1173702;O
1173820;H
1173903;H
1174009;A
1174073;A
1174133;R
1174274;A
1174624;A
1174676;A
1174682;A
1174699;T
1174742;R
1174937;A
1175049;A
1175090;G
1175109;A
1175144;A
1175167;A
1175196;A
1175233;A
1175262;A
1175322;H
1175380;R
1175397;R
1175440;R
1175486;A
1175693;A
1175760;D
1175813;A
1175888;T
1175931;A
1175983;A
1176340;R
1176356;A
1176480;R
1176497;G
1176505;T
1176557;G
1176729;G
1176735;T
1176741;A
1176758;A
1176793;A
1176876;A
1176882;T
1176899;N
1176942;H
1177060;A
1177410;H
1177545;A
1177611;H
1177663;R
1177775;A
1177812;O
1177893;T
1178220;H
1178540;R
1178556;T
1178579;R
1178651;R
1178786;A
1178823;R
1178869;R
1179053;T
1179159;A
1179165;T
1179248;R
1179260;H
1179308;R
1179314;T
1179320;T
1179337;H
1179343;A
1179350;R
1179372;A
1179521;A
1179596;R
1179633;R
1179886;O
1179923;A
1179969;T
1179975;T
1180091;A
1180263;S
1180292;H
1180300;A
1180441;H
1180464;H
1180518;T
1180524;R
1180607;R
1180613;R
1180665;H
1180671;A
1180731;R
1180837;D
1180843;A
1181050;A
1181080;R
1181185;A
1181200;T
1181305;T
1181311;R
1181334;G
1181506;A
1181529;O
1181601;T
1181618;A
1181908;H
1181989;A
1182003;H
1182049;A
1182078;T
1182227;A
1182240;A
1182345;T
1182397;O
1182470;H
1182598;R
1182612;R
1182842;A
1182859;R
1182931;T
1183014;G
1183126;G
1183267;S
1183327;R
1183333;T
1183468;N
1183528;R
1183534;A
1183540;R
1183570;T
1183617;C
1183623;R
1183801;R
1183899;H
1183965;A
1184054;A
1184255;D
1184309;H
1184315;R
1184427;A
1184491;R
1184568;S
1184746;T
1184752;G
1185020;T
1185042;A
1185094;T
1185119;A
1185125;H
1185131;R
1185160;T
1185214;A
1185237;A
1185266;A
1185295;R
1185332;A
1185361;R
1185378;T
1185415;A
1185421;R
1185467;H
1185473;R
1185496;R
1185639;O
1185645;A
1185668;T
1185680;T
1185697;A
1185728;H
1185786;O
1185898;G
1186018;A
1186202;H
1186254;A
1186403;A
1186410;A
1186538;A
1186544;R
1186550;H
1186685;R
1186722;H
1186745;H
1186774;H
1186805;G
1186811;H
1186923;T
1187130;A
1187147;O
1187220;A
1187331;A
1187390;T
1187408;H
1187472;T
1187489;T
1187615;G
1187696;A
1187704;T
1187839;G
1187874;A
1187880;R
1187940;T
1188000;A
1188069;H
1188224;G
1188431;T
1188477;A
1188661;R
1188684;R
1188715;T
1188738;A
1188767;R
1188840;N
1188885;R
1189100;T
1189270;G
1189287;G
1189301;A
1189620;R
1189726;A
1189815;A
1189896;O
1189940;N
1189962;A
1189979;T
1189991;R
1190020;A
1190037;R
1190126;T
1190132;G
1190161;R
1190280;A
1190296;H
1190340;T
1190534;A
1190540;T
1190557;A
1190570;A
1190623;R
1190652;A
1190712;T
1191002;A
1191108;T
1191114;T
1191380;O
1191500;T
1191551;R
1191568;R
1191723;O
1191858;A
1191864;R
1191960;H
1192007;A
1192020;S
1192042;A
1192119;R
1192131;R
1192148;R
1192220;A
1192295;T
1192421;C
1192510;T
1192533;G
1192622;A
1192645;A
1192763;R
1192869;H
1192875;A
1192898;T
1192964;H
1192987;R
1193580;R
1193610;A
1193685;T
1193739;O
1193768;A
1193780;A
1193797;G
1193805;A
1193930;A
1193981;T
1193998;A
1194058;T
1194064;R
1194124;S
1194220;G
1194288;R
1194354;G
1194578;A
1194667;A
1194673;H
1194710;R
1194839;A
1194957;A
1195075;A
1195098;A
1195170;G
1195230;A
1195276;A
1195342;O
1195460;A
1195520;R
1195537;A
1195566;A
1195796;G
1195804;S
1195840;T
1195862;G
1195879;T
1195885;R
1195916;A
1196011;G
1196034;T
1196040;A
1196264;G
1196270;R
1196413;T
1196519;R
1196755;H
1196784;A
1196809;A
1196815;T
1196821;R
1196880;R
1196962;R
1197074;T
1197080;A
1197128;R
1197200;R
1197223;A
1197275;A
1197281;A
1197430;A
1197447;H
1197507;T
1197542;A
1197571;A
1197602;H
1197625;R
1197743;O
1197789;H
1197810;H
1197861;R
1198010;R
1198033;H
1198085;G
1198091;A
1198145;H
1198174;A
1198240;G
1198317;A
1198547;R
1198777;H
1198926;G
1199080;A
1199185;H
1199297;H
1199305;G
1199334;A
1199506;T
1199529;T
1199535;A
1199558;R
1199601;T
1199742;R
1199788;A
1199802;G
1200014;T
1200072;T
1200250;T
1200764;K
1201114;K
1201433;T
1201700;T
1201717;T
1201858;K
1202250;T
1202266;T
1202272;T
1202473;T
1202674;K
1202705;T
1203113;T
1203248;K
1203290;T
1203633;T
1203640;T
1203679;T
1203923;T
1204012;T
1204035;T
1204220;T
1204242;T
1204288;T
1204302;T
1204800;K
1204839;T
1205425;T
1205477;T
1205520;T
1206548;T
1206880;K
1206904;T
1206956;T
1207453;T
1207507;K
1207973;T
1208004;E
1209908;T
1209972;T
1210917;K
1211265;T
1211383;T
1211489;K
1211851;T
1212000;T
1212276;T
1213028;T
1213092;T
1213896;T
1214134;T
1214269;T
1214890;T
1215205;T
1215636;E
1215702;T
1215808;T
1216481;K
1216682;T
1216937;T
1217003;T
1217374;T
1217658;T
1217664;T
1218020;T
1218280;T
1219462;T
1220028;T
1220034;T
1220293;T
1220471;K
1221536;T
1221855;T
1222406;K
1222429;T
1222808;T
1223297;T
1223423;T
1223452;T
1223624;T
1223920;T
1224078;T
1224084;T
1224138;T
1224233;T
1224285;T
1224411;T
1224687;T
1225273;T
1225646;K
1225675;T
1225729;T
1226048;T
1226315;T
1226410;T
1227332;T
1227770;T
1228350;T
1228395;T
1228857;T
1228917;T
1229160;T
1229785;T
1229970;T
1230423;T
1230624;T
1230966;T
1230972;T
1231233;T
1231285;T
1231782;K
1231865;T
1231960;T
1232468;T
1232988;K
1233002;T
1233143;T
1233367;T
1233427;T
1233433;T
1233858;T
1233976;T
1234600;T
1234728;T
1235478;T
1235484;K
1235662;T
1236696;T
1236704;T
1236710;T
1236839;T
1236911;T
1237017;T
1237218;T
1237715;T
1237804;T
1238152;K
1238554;T
1238650;T
1238778;T
1238896;T
1239022;T
1239393;T
1240054;T
1240150;T
1240485;T
1240976;K
1241266;T
1241651;E
1241668;T
1241763;T
1241941;T
1243302;K
1243510;T
1243680;T
1244260;T
1244589;E
1244678;T
1244900;T
1245034;T
1245407;K
1245459;T
1245844;T
1246424;T
1246967;K
1247518;T
1247665;T
1247754;T
1248512;T
1248713;T
1249138;T
1249374;T
1249411;T
1249517;T
1249523;T
1250259;T
1251342;T
1251460;T
1251773;T
1251840;T
1252206;T
1252689;T
1252815;T
1253051;T
1253677;T
1253766;T
1253878;T
1254895;K
1254984;T
1255096;T
1255274;T
1255506;T
1255682;K
1256428;T
1256546;T
1256730;T
1256813;T
1257155;T
1257296;T
1258189;K
1258657;T
1258730;T
1258864;T
1259177;T
1259214;T
1259220;T
1260418;K
1260602;T
1260677;T
1261725;T
1261808;T
1261872;K
1262110;T
1262699;T
1262713;T
1263351;T
1263753;T
1263977;T
1264178;T
1264764;T
1265090;T
1265166;T
1265410;T
1265427;T
1266421;T
1266846;K
1267343;T
1267449;T
1267969;T
1269224;K
1269320;T
1269336;K
1269342;T
1270180;T
1270316;T
1270380;K
1270463;K
1270687;T
1271379;T
1272195;K
1272344;T
1272545;T
1273065;T
1273415;K
1273438;T
1273875;T
1274047;T
1274076;T
1274395;T
1276371;T
1276951;T
1277057;E
1277270;K
1277465;T
1277749;T
1278045;T
1278281;T
1278329;T
1278654;K
1279027;K
1279317;T
1280036;T
1280065;T
1280533;K
1280562;T
1280680;T
1281202;K
1282006;T
1282740;T
1283260;T
1283359;T
1283365;K
1283537;T
1283589;T
1283879;T
1283900;T
1284057;T
1284927;T
1285111;T
1285619;K
1285690;T
1286381;T
1286955;T
1286978;T
1287340;T
1289422;T
1289652;T
1289942;T
1290129;T
1290342;T
1290916;K
1290968;K
1291583;T
1291904;T
1292105;K
1292424;K
1292789;T
1293180;T
1293412;K
1293872;T
1293932;T
1293955;K
1294506;T
1294570;T
1294653;T
1294794;T
1294802;T
1295374;T
1295960;T
1296103;T
1296327;T
1296787;K
1296793;T
1296876;T
1296971;E
1297002;T
1297427;T
1297628;T
1297841;T
1298119;T
1298680;K
1298734;T
1299870;T
1300299;D
1300313;D
1300709;D
1300744;D
1300810;D
1301011;D
1301070;D
1301117;D
1301130;D
1301175;D
1301347;D
1301353;D
1301525;D
1301643;D
1301650;D
1301850;D
1301985;D
1302269;D
1302298;D
1302476;D
1302795;D
1302967;D
1302996;D
1303263;D
1303381;D
1303470;D
1303688;D
1303748;D
1303783;D
1303889;D
1303961;D
1304216;D
1304363;D
1304498;D
1304736;D
1304742;D
1304972;D
1305026;D
1305084;D
1305457;D
1305598;D
1305606;D
1305718;D
1305960;D
1306110;D
1306155;D
1306304;D
1306310;D
1306400;D
1306497;D
1306534;D
1306787;D
1306847;D
1306936;D
1307002;D
1307054;D
1307143;D
1307195;D
1307226;D
1307309;D
1307338;D
1307692;D
1307700;D
1307769;D
1307864;D
1307893;D
1308094;D
1308444;D
1308668;D
1308898;D
1308987;D
1309202;D
1309343;D
1309509;D
1309805;D
1309975;D
1310033;D
1310300;D
1310346;D
1310464;D
1310620;D
1310694;D
1310783;D
1310895;D
1310910;D
1311446;D
1311469;D
1311624;D
1311943;D
1311966;D
1312032;D
1312115;D
1312598;D
1312760;D
1312776;D
1313037;D
1313238;D
1313244;D
1313391;D
1313511;D
1313528;D
1313882;D
1313959;D
1314166;D
1314261;D
1314278;D
1314284;D
1314367;D
1314686;D
1314723;D
1314746;D
1314769;D
1314829;D
1314841;D
1314887;D
1314953;D
1314976;D
1315102;D
1315177;D
1315220;D
1315384;D
1315421;D
1315852;D
1315941;D
1316107;D
1316120;D
1316136;D
1316142;D
1316194;D
1316290;D
1316320;D
1316633;D
1316981;D
1317153;D
1317354;D
1317472;D
1317489;D
1317555;D
1317609;D
1317851;D
1318030;D
1318046;D
1318052;D
1318129;D
1318224;D
1318572;D
1318767;D
1318885;D
1319040;D
1319063;D
1319130;D
1319175;D
1319229;D
1319643;D
1319784;D
1319896;D
1319904;D
1319933;D
1319956;D
1320014;D
1320103;D
1320250;D
1320505;D
1320913;D
1320971;D
1321261;D
1321321;D
1321338;D
1321491;D
1321670;D
1321835;D
1321924;D
1321982;D
1322065;D
1322088;D
1322094;D
1322208;D
1322237;D
1322243;D
1322326;D
1322355;D
1322384;D
1322527;D
1322540;D
1322792;D
1322869;D
1323113;D
1323308;D
1323805;D
1323930;D
1324093;D
1324101;D
1324213;D
1324319;D
1324510;D
1324667;D
1324673;D
1324791;D
1324839;D
1324868;D
1324957;D
1325299;D
1325454;D
1325460;D
1325508;D
1325550;D
1325589;D
1325891;D
1326040;D
1326057;D
1326123;D
1326502;D
1326560;D
1326637;D
1326666;D
1326689;D
1326761;D
1326821;D
1326927;D
1327039;D
1327186;D
1327217;D
1327306;D
1327370;D
1327536;D
1327772;D
1327826;D
1328085;D
1328091;D
1328151;D
1328180;D
1328286;D
1328493;D
1328501;D
1328518;D
1328613;D
1328665;D
1328748;D
1328895;D
1329268;D
1329452;D
1329618;D
1329682;D
1329890;D
1330082;D
1330099;D
1330231;D
1330254;D
1330260;D
1330277;D
1330308;D
1330478;D
1330509;D
1330515;D
1330627;D
1330633;D
1330751;D
1330805;D
1330840;D
1330886;D
1330892;D
1331383;D
1331526;D
1331667;D
1331733;D
1331911;D
1331934;D
1332282;D
1332307;D
1332313;D
1332320;D
1332508;D
1332900;D
1332922;D
1332968;D
1333028;D
1333070;D
1333198;D
1333258;D
1333324;D
1333399;D
1333436;D
1333637;D
1333695;D
1333732;D
1333873;D
1333962;D
1334217;D
1334252;D
1334401;D
1334482;D
1334619;D
1334690;D
1334737;D
1334743;D
1334789;D
1335004;D
1335040;D
1335062;D
1335300;D
1335323;D
1335375;D
1335607;D
1335725;D
1335866;D
1335872;D
1336015;D
1336297;D
1336340;D
1336558;D
1336618;D
1336950;D
1337026;D
1337090;D
1337150;D
1337210;D
1337635;D
1337820;D
1338132;D
1338155;D
1338379;D
1338385;D
1338540;D
1338557;D
1338570;D
1338936;D
1338942;D
1338971;D
1339002;D
1339090;D
1339321;D
1339404;D
1339752;D
1339982;D
1340117;D
1340152;D
1340301;D
1340330;D
1340399;D
1340577;D
1340778;D
1340873;D
1340904;D
1341246;D
1341252;D
1341298;D
1341370;D
1341743;D
1342062;D
1342174;D
1342234;D
1342240;D
1342613;D
1342731;D
1342783;D
1342872;D
1342895;D
1342926;D
1342984;D
1343311;D
1343788;D
1344061;D
1344397;D
1344428;D
1344434;D
1344546;D
1344575;D
1344612;D
1344629;D
1344842;D
1344859;D
1345037;D
1345280;D
1345362;D
1345557;D
1345830;D
1345907;D
1345942;D
1345971;D
1346002;D
1346143;D
1346315;D
1346574;D
1346597;D
1346628;D
1346769;D
1346829;D
1347102;D
1347310;D
1347361;D
1347533;D
1347800;D
1347823;D
1347830;D
1347875;D
1348277;D
1348410;D
1348484;D
1348550;D
1348633;D
1348679;D
1348892;D
1348900;D
1348917;D
1348946;D
1348998;D
1349029;D
1349058;D
1349147;D
1349176;D
1349319;D
1349348;D
1349414;D
1349466;D
1349710;D
1349727;D
1349756;D
1349934;D
1350305;D
1350506;D
1350564;D
1350653;D
1350682;D
1350707;D
1350802;D
1351109;D
1351173;D
1351256;D
1351262;D
1351368;D
1351374;D
1351463;D
1351598;D
1351635;D
1351747;D
1351820;D
1351871;D
1352132;D
1352190;D
1352267;D
1352511;D
1352669;D
1352712;D
1352741;D
1352988;D
1353485;D
1353752;D
1353864;D
1353870;D
1354154;D
1354355;D
1354415;D
1354591;D
1354600;D
1354651;D
1355030;D
1355136;D
1355165;D
1355350;D
1355604;D
1355685;D
1355857;D
1356035;D
1356070;D
1356207;D
1356319;D
1356331;D
1356348;D
1356390;D
1356408;D
1356443;D
1356970;D
1357106;D
1357336;D
1357833;D
1358063;D
1358152;D
1358324;D
1358330;D
1358347;D
1358399;D
1358703;D
1359045;D
1359097;D
1359565;D
1359714;D
1359795;D
1360210;D
1360350;D
1360404;D
1360657;D
1360717;D
1360953;D
1361154;D
1361355;D
1361473;D
1361480;D
1361728;D
1361800;D
1361898;D
1362142;D
1362188;D
1362797;D
1363035;D
1363325;D
1364030;D
1364112;D
1364129;D
1364342;D
1364520;D
1364537;D
1364543;D
1364974;D
1365063;D
1365117;D
1365146;D
1365264;D
1365270;D
1365465;D
1365488;D
1365519;D
1365755;D
1365880;D
1365896;D
1365904;D
1366000;D
1366016;D
1366074;D
1366105;D
1366128;D
1366418;D
1366921;D
1366980;D
1366996;D
1367197;D
1367292;D
1367412;D
1367501;D
1367560;D
1367837;D
1367961;D
1368015;D
1368185;D
1368222;D
1368363;D
1368370;D
1368386;D
1368587;D
1368601;D
1368877;D
1368908;D
1369078;D
1369227;D
1369322;D
1369730;D
1370064;D
1370124;D
1370213;D
1370220;D
1370236;D
1370526;D
1370638;D
1370673;D
1370704;D
1370800;D
1370897;D
1370934;D
1371000;D
1371030;D
1371106;D
1371253;D
1371276;D
1371282;D
1371388;D
1371508;D
1371974;D
1372301;D
1372347;D
1372413;D
1372420;D
1372554;D
1372672;D
1372689;D
1373393;D
1373507;D
1373565;D
1373625;D
1373884;D
1374004;D
1374300;D
1374381;D
1374470;D
1374694;D
1374872;D
1374932;D
1375050;D
1375140;D
1375216;D
1375386;D
1375475;D
1375564;D
1375587;D
1375618;D
1375920;D
1375989;D
1376204;D
1376351;D
1376730;D
1376747;D
1376894;D
1376990;D
1377540;D
1377860;D
1377876;D
1377988;D
1378019;D
1378031;D
1378048;D
1378255;D
1378410;D
1378462;D
1378485;D
1378686;D
1378730;D
1378858;D
1378870;D
1378893;D
1379088;D
1379177;D
1379378;D
1379444;D
1379527;D
1380039;D
1380074;D
1380097;D
1380298;D
1380424;D
1380915;D
1380950;D
1381056;D
1381100;D
1381286;D
1381429;D
1381487;D
1381576;D
1381642;D
1381731;D
1381990;D
1382239;D
1382541;D
1382558;D
1382759;D
1382825;D
1382883;D
1383010;D
1383144;D
1383380;D
1383397;D
1383530;D
1383641;D
1383931;D
1384238;D
1384451;D
1384586;D
1384758;D
1384847;D
1384853;D
1384899;D
1384988;D
1385025;D
1385249;D
1385321;D
1385500;D
1385663;D
1385723;D
1386042;D
1386473;D
1387030;D
1387113;D
1387188;D
1387202;D
1387314;D
1387426;D
1387490;D
1387633;D
1387923;D
1388029;D
1388153;D
1388242;D
1388319;D
1388590;D
1388680;D
1388696;D
1389052;D
1389106;D
1389112;D
1389307;D
1389320;D
1389603;D
1389767;D
1390010;D
1390055;D
1390227;D
1390530;D
1390977;D
1391089;D
1391758;D
1392108;D
1392114;D
1392367;D
1392574;D
1392717;D
1392798;D
1393160;D
1393295;D
1393326;D
1393409;D
1393616;D
1393639;D
1393987;D
1394053;D
1394159;D
1394202;D
1394509;D
1394521;D
1394751;D
1394975;D
1395006;D
1395147;D
1395259;D
1395420;D
1395437;D
1395526;D
1395816;D
1395839;D
1395868;D
1396218;D
1396632;D
1396655;D
1396690;D
1396773;D
1396891;D
1396939;D
1397146;D
1397376;D
1397620;D
1397732;D
1397749;D
1397790;D
1397809;D
1397896;D
1397933;D
1397940;D
1398163;D
1398281;D
1398358;D
1398447;D
1398499;D
1398708;D
1398743;D
1398750;D
1398996;D
1399180;D
1399205;D
1399263;D
1399470;D
1399518;D
1399694;D
1399895;D
1399955;D
1413922;R
1423850;R
1424647;R
1428970;R
1444236;R
1445891;R
1447499;R
1449860;R
1451390;R
1453146;R
1461950;R
1649990;
1693360;
2101107;O
2102733;O
2102986;D
2103661;D
2104525;O
2104637;O
2105938;O
2106719;D
2107908;O
2107972;O
2108799;O
2109238;O
2109534;O
2110490;O
2112217;O
2112269;D
2113174;O
2113317;O
2116741;O
2117048;O
2117500;O
2118823;O
2119171;O
2120725;O
2120790;O
2121831;O
2122121;O
2122138;O
2122316;O
2122658;D
2122776;O
2122983;O
2123712;D
2124120;O
2124338;O
2124657;O
2126337;O
2126751;D
2126805;O
2127733;D
2128365;O
2129821;O
2130267;D
2130310;O
2132303;O
2132645;O
2132987;O
2133248;D
2133685;O
2134549;D
2135490;O
2137424;O
2139009;O
2139943;O
2140455;O
2141934;O
2144810;O
2144980;O
2145493;D
2145524;O
2145984;O
2147523;O
2147629;O
2149440;O
2150212;O
2151772;D
2152211;O
2152837;O
2154032;O
2154322;O
2155652;O
2155965;O
2156048;O
2156864;O
2158449;O
2159526;O
2161500;O
2161530;O
2164622;O
2165194;O
2166740;O
2167678;D
2172449;O
2174460;O
2174856;O
2178601;O
2179500;O
2179990;O
2180450;O
2181945;D
2182614;O
2182620;O
2182710;O
2182755;O
2183855;O
2185908;D
2186167;O
2187356;O
2187439;O
2188166;O
2189800;O
2190393;O
2190602;D
2192630;O
2193121;O
2193693;D
2193813;O
2195918;O
2196680;O
2197159;O
2199968;O
2200335;S
2200393;S
2200795;S
2201754;S
2201814;S
2202239;S
2202305;S
2202430;S
2202452;S
2203240;S
2203316;S
2203486;S
2203871;S
2203948;S
2204066;S
2204563;S
2205321;S
2206800;S
2206987;S
2208064;S
2208756;S
2209193;S
2209342;S
2209460;S
2209738;S
2210061;S
2210109;S
2210434;S
2210546;S
2210635;S
2210983;S
2211190;S
2212025;S
2212976;S
2213711;S
2214515;S
2214840;S
2215213;S
2215503;S
2215905;S
2215957;S
2216359;S
2216885;S
2217229;S
2217376;S
2217525;S
2217809;S
2218542;S
2218559;S
2218849;S
2218950;S
2219062;S
2219381;S
2220088;S
2220384;S
2221604;S
2221745;S
2221917;S
2222118;S
2222124;S
2222176;S
2222408;S
2222503;S
2223342;S
2223394;S
2223626;S
2224270;S
2224287;S
2224732;S
2224778;S
2225329;S
2225648;S
2226412;S
2226435;S
2226910;S
2226926;S
2227038;S
2227908;S
2227920;S
2228411;S
2228931;S
2229155;S
2229209;S
2229362;S
2229824;S
2230750;S
2231235;S
2231258;S
2232252;S
2232648;S
2232855;S
2233033;S
2234021;S
2234044;S
2234050;S
2234239;S
2234245;S
2234334;S
2234357;S
2234475;S
2234788;S
2235776;S
2235977;S
2236066;S
2236362;S
2236586;S
2237775;S
2237829;S
2237947;S
2238409;S
2238444;S
2238792;S
2238823;S
2238941;S
2238958;S
2240323;S
2240671;S
2240850;S
2241009;S
2241162;S
2241392;S
2241529;S
2241742;S
2242457;S
2242760;S
2243304;S
2243511;S
2243540;S
2243623;S
2243920;S
2244203;S
2245036;S
2245190;S
2245384;S
2245875;S
2245941;S
2246716;S
2247041;S
2247093;S
2247905;S
2247934;S
2248030;S
2248320;S
2249152;S
2249229;S
2251545;S
2251924;S
2252042;S
2252177;S
2252668;S
2253248;S
2253834;S
2254242;S
2254584;S
2254727;S
2254868;S
2254911;S
2255520;S
2255856;S
2256420;S
2256560;S
2256790;S
2256910;S
2257447;S
2257750;S
2258406;S
2258895;S
2259245;S
2259340;S
2259660;S
2259966;S
2260509;S
2260691;S
2261087;S
2261874;S
2262678;S
2263287;S
2263459;S
2263494;S
2263927;S
2264045;S
2264223;S
2264401;S
2264803;S
2264861;S
2264884;S
2265330;S
2265412;S
2266080;S
2266676;S
2266989;S
2267240;S
2267397;S
2267492;S
2267552;S
2267641;S
2268273;S
2268385;S
2268505;S
2269025;S
2269516;S
2269692;S
2270413;S
2270583;S
2272748;S
2273854;S
2274109;S
2274380;S
2274730;S
2275847;S
2276048;S
2276870;S
2277266;S
2278219;S
2279650;S
2279934;S
2280660;S
2281598;S
2282221;S
2282793;S
2282913;S
2282920;S
2283953;S
2284071;S
2284527;S
2284697;S
2285099;S
2285136;S
2286118;S
2286800;S
2287514;S
2287862;S
2287916;S
2288293;S
2288353;S
2288502;S
2288519;S
2288695;S
2289571;S
2290396;S
2291065;S
2291088;S
2291183;S
2291480;S
2291674;S
2292030;S
2292053;S
2292277;S
2292544;S
2293390;S
2293414;S
2293555;S
2293957;S
2295175;S
2295198;S
2295525;S
2295815;S
2295896;S
2296803;S
2297263;S
2297441;S
2297530;S
2297866;S
2297910;S
2297926;S
2299180;S
2299196;S
2299523;S
2299925;S
2300025;S
2300090;S
2300290;S
2300427;S
2300462;S
2300568;S
2300864;S
2300947;S
2300953;S
2301131;S
2301645;S
2301757;S
2302024;S
2302053;S
2302060;S
2302136;S
2302277;S
2302722;S
2303064;S
2303118;S
2303785;S
2303880;S
2303992;S
2304135;S
2304201;S
2304388;S
2304951;S
2304974;S
2304997;S
2305324;S
2305910;S
2305927;S
2306246;S
2306312;S
2306513;S
2306832;S
2306915;S
2306967;S
2307056;S
2307429;S
2307671;S
2307777;S
2307926;S
2308140;S
2308914;S
2309010;S
2309807;S
2310101;S
2310124;S
2310130;S
2310348;S
2310354;S
2310443;S
2310450;S
2310472;S
2310644;S
2310696;S
2310710;S
2310816;S
2311069;S
2311282;S
2311419;S
2311804;S
2312034;S
2312100;S
2312152;S
2312169;S
2312206;S
2312301;S
2312927;S
2313298;S
2313690;S
2313737;S
2313743;S
2314033;S
2314062;S
2314085;S
2314139;S
2314263;S
2314688;S
2314808;S
2314872;S
2315038;S
2315050;S
2315624;S
2315647;S
2315676;S
2316291;S
2316300;S
2316345;S
2316517;S
2316598;S
2316687;S
2316782;S
2316888;S
2317050;S
2317149;S
2317480;S
2317528;S
2317652;S
2317675;S
2317681;S
2317801;S
2317936;S
2318278;S
2318611;S
2319467;S
2319600;S
2319935;S
2320170;S
2320275;S
2320358;S
2320476;S
2320789;S
2320909;S
2320915;S
2320921;S
2320938;S
2321263;S
2321292;S
2321369;S
2321530;S
2321560;S
2322080;S
2322104;S
2322251;S
2322280;S
2322400;S
2322630;S
2324132;S
2324161;S
2324333;S
2324646;S
2325083;S
2325090;S
2325120;S
2325309;S
2325723;S
2325841;S
2326190;S
2326266;S
2326390;S
2326415;S
2326438;S
2326540;S
2326711;S
2326740;S
2326763;S
2326770;S
2326935;S
2326941;S
2327113;S
2327254;S
2327604;S
2327751;S
2327923;S
2327952;S
2328124;S
2328147;S
2328443;S
2328590;S
2328710;S
2329017;S
2329460;S
2329744;S
2329833;S
2329900;S
2330173;S
2330180;S
2330204;S
2330227;S
2330256;S
2330351;S
2330428;S
2330470;S
2330925;S
2330977;S
2331043;S
2331126;S
2331391;S
2331540;S
2331557;S
2331913;S
2332114;S
2332137;S
2332166;S
2332189;S
2332338;S
2332730;S
2332775;S
2332806;S
2332893;S
2332901;S
2332976;S
2333770;S
2334410;S
2334604;S
2334774;S
2334998;S
2335207;S
2335213;S
2335302;S
2335673;S
2335791;S
2335970;S
2336046;S
2336098;S
2336129;S
2336141;S
2336260;S
2336342;S
2336477;S
2336483;S
2336589;S
2336810;S
2336833;S
2336862;S
2337034;S
2337063;S
2337264;S
2337287;S
2337293;S
2337749;S
2337809;S
2337815;S
2337910;S
2338022;S
2338571;S
2338594;S
2338648;S
2338743;S
2338944;S
2338973;S
2339062;S
2339346;S
2339398;S
2339412;S
2339719;S
2339837;S
2339866;S
2340119;S
2340208;S
2340438;S
2340600;S
2340970;S
2341290;S
2341389;S
2341395;S
2341449;S
2341544;S
2341550;S
2341662;S
2341840;S
2342101;S
2342118;S
2342160;S
2342331;S
2342354;S
2342555;S
2342638;S
2342800;S
2343052;S
2343543;S
2343566;S
2343840;S
2343856;S
2344092;S
2344100;S
2344123;S
2344146;S
2344324;S
2344531;S
2344548;S
2344689;S
2344867;S
2344873;S
2345016;S
2345074;S
2345358;S
2345401;S
2345588;S
2345619;S
2345772;S
2345803;S
2346228;S
2346292;S
2346375;S
2346441;S
2346518;S
2347044;S
2347340;S
2347618;S
2347707;S
2347736;S
2347742;S
2348084;S
2348233;S
2348322;S
2348339;S
2348500;S
2348569;S
2348635;S
2348641;S
2348724;S
2348730;S
2348820;S
2348925;S
2348990;S
2349008;S
2349178;S
2349511;S
2349712;S
2349818;S
2350164;S
2350307;S
2350388;S
2350402;S
2350508;S
2350550;S
2350885;S
2350922;S
2350951;S
2351011;S
2351057;S
2351070;S
2351420;S
2351525;S
2351548;S
2351867;S
2351896;S
2351910;S
2352097;S
2352424;S
2352482;S
2352766;S
2353033;S
2353429;S
2353524;S
2354140;S
2354216;S
2354587;S
2354788;S
2355084;S
2355316;S
2355434;S
2355581;S
2355820;S
2355836;S
2355859;S
2356008;S
2356020;S
2356540;S
2356592;S
2356729;S
2356860;S
2356882;S
2356899;S
2356907;S
2356965;S
2356994;S
2357090;S
2357290;S
2357315;S
2357338;S
2357568;S
2357781;S
2358361;S
2358556;S
2358562;S
2358645;S
2358875;S
2359596;S
2360636;S
2360731;S
2360808;S
2360814;S
2360889;S
2361179;S
2361452;S
2361877;S
2361943;S
2362291;S
2362463;S
2362687;S
2362730;S
2363066;S
2363132;S
2363209;S
2363356;S
2363439;S
2363824;S
2364143;S
2365119;S
2365131;S
2365183;S
2365289;S
2365361;S
2365668;S
2366478;S
2366722;S
2366739;S
2366745;S
2367199;S
2367377;S
2367510;S
2367549;S
2367561;S
2367762;S
2368135;S
2368313;S
2368365;S
2368550;S
2368879;S
2368951;S
2369028;S
2369070;S
2369100;S
2369117;S
2369146;S
2369258;S
2369471;S
2369703;S
2369844;S
2370020;S
2370190;S
2370267;S
2370801;S
2370882;S
2370907;S
2371189;S
2371404;S
2372177;S
2372183;S
2372786;S
2372912;S
2372935;S
2373136;S
2373656;S
2373981;S
2374472;S
2374816;S
2374874;S
2374897;S
2375365;S
2375490;S
2375684;S
2375767;S
2375780;S
2375951;S
2375980;S
2376005;S
2376525;S
2376726;S
2376850;S
2377192;S
2377499;S
2378010;S
2378228;S
2378636;S
2378725;S
2379200;S
2379216;S
2379340;S
2379529;S
2379570;S
2379699;S
2379742;S
2379966;S
2380099;S
2380142;S
2380515;S
2380538;S
2380857;S
2381087;S
2381101;S
2381236;S
2381609;S
2381756;S
2381779;S
2381800;S
2382023;S
2382371;S
2382460;S
2382477;S
2382796;S
2382885;S
2382945;S
2383011;S
2383198;S
2383583;S
2383933;S
2384128;S
2384275;S
2384358;S
2384453;S
2384708;S
2384826;S
2385091;S
2385317;S
2385582;S
2385665;S
2385760;S
2386185;S
2386239;S
2386251;S
2386720;S
2387196;S
2387397;S
2388215;S
2388280;S
2388474;S
2389031;S
2389597;S
2389670;S
2389841;S
2390399;S
2390407;S
2390548;S
2390560;S
2390666;S
2390749;S
2391016;S
2391387;S
2391803;S
2391832;S
2391884;S
2392079;S
2392122;S
2392530;S
2393268;S
2393469;S
2393564;S
2393765;S
2394351;S
2394977;S
2395296;S
2395340;S
2395617;S
2395764;S
2395847;S
2395965;S
2396019;S
2396060;S
2396485;S
2396500;S
2396700;S
2396829;S
2396835;S
2397071;S
2397154;S
2397177;S
2397208;S
2397272;S
2397355;S
2397728;S
2397970;S
2398120;S
2398142;S
2398171;S
2398343;S
2398685;S
2398739;S
2398981;S
2399130;S
2399503;S
2399851;S
2399874;S
2400198;S
2400904;S
2401217;S
2401476;S
2401654;S
2401714;E
2402381;S
2402547;S
2402850;S
2403989;S
2404032;S
2404210;S
2404256;S
2404492;E
2405244;E
2406367;S
2406775;S
2406812;S
2407378;R
2407728;S
2408432;S
2410038;S
2411109;S
2412095;S
2412340;E
2412971;R
2413344;S
2415389;S
2415863;S
2415946;S
2416242;S
2416680;S
2418270;S
2418360;S
2419737;S
2420002;S
2420806;S
2422515;S
2424885;S
2425123;S
2425790;S
2426335;S
2426393;S
2426683;S
2426766;S
2427524;S
2427607;S
2427820;S
2427961;S
2428110;S
2429500;S
2430331;S
2430779;S
2430816;S
2431572;S
2432880;S
2433565;E
2434317;E
2434435;S
2434636;S
2435044;S
2435216;S
2436486;S
2436606;S
2438634;S
2438930;S
2439177;S
2439600;S
2440051;E
2440654;S
2441004;S
2441375;E
2443776;S
2443782;S
2443842;S
2443894;S
2443983;S
2444729;S
2444876;S
2445232;R
2445350;E
2447053;S
2447219;E
2447403;S
2447834;S
2447857;S
2448012;S
2448041;S
2449201;S
2449313;S
2450859;S
2450894;S
2451066;S
2451385;S
2451474;R
2451830;S
2454024;S
2454662;S
2455325;R
2456158;S
2456997;S
2457548;S
2458826;S
2458938;S
2458944;S
2459412;S
2460438;S
2461679;E
2462118;S
2462673;E
2462680;R
2462740;S
2463431;S
2464152;S
2464181;S
2464376;E
2465967;R
2468078;S
2469273;S
2470081;S
2470336;S
2471206;E
2471212;S
2472513;S
2473458;S
2473464;S
2473688;S
2473694;S
2475902;S
2476669;S
2476729;S
2477440;S
2478450;S
2478941;S
2479403;E
2479573;S
2479580;S
2480330;R
2482598;E
2482960;S
2483445;E
2484812;S
2484864;S
2485036;S
2485390;S
2485579;S
2486053;S
2486366;S
2486917;E
2487420;S
2487549;S
2488069;S
2488997;S
2489123;S
2490221;S
2490362;S
2490764;E
2491953;S
2492415;E
2492450;S
2494897;S
2495141;S
2496092;S
2496494;S
2497884;R
2497890;S
2498620;S
2498748;S
2499156;S
2503780;E
2520809;E
2531807;E
2531894;E
2538229;E
2540338;E
2540829;E
2541450;E
2542219;E
2545070;E
2545459;E
2575986;E
2585460;E
2590023;E
2591583;E
2593257;E
2593607;E
2594044;E
2596439;E
2607841;O
2620400;O
2622059;O
2622160;O
2626614;O
2628145;O
2646692;O
2648828;O
2652988;O
2667062;O
2673559;O
2681257;O
2683517;O
2689974;O
2700010;GAO
2700026;GAO
2700032;GAO
2700061;GAO
2700167;GAO
2700256;GAO
2700262;GAO
2700300;GAO
2700322;GAO
2700440;GAO
2700457;GAO
2700530;GAO
2700724;GAO
2700782;GAO
2700813;GAO
2700871;GAO
2700902;GAO
2701037;GAO
2701209;GAO
2701244;GAO
2701385;GAO
2701400;GAO
2701422;GAO
2701451;GAO
2701646;GAO
2701706;GAO
2701787;GAO
2701801;GAO
2701899;GAO
2701959;GAO
2702002;GAO
2702019;GAO
2702060;GAO
2702090;GAO
2702108;GAO
2702120;GAO
2702137;GAO
2702321;GAO
2702338;GAO
2702344;GAO
2702380;GAO
2702404;GAO
2702657;GAO
2702730;GAO
2702798;GAO
2702835;GAO
2702947;GAO
2703065;GAO
2703071;GAO
2703088;GAO
2703131;GAO
2703148;GAO
2703355;GAO
2703361;GAO
2703415;GAO
2703527;GAO
2703579;GAO
2703585;GAO
2703639;GAO
2703697;GAO
2703740;GAO
2703757;GAO
2703875;GAO
2703912;GAO
2703941;GAO
2703958;GAO
2703964;GAO
2703987;GAO
2703993;GAO
2704030;GAO
2704047;GAO
2704107;GAO
2704159;GAO
2704248;GAO
2704320;GAO
2704337;GAO
2704366;GAO
2704461;GAO
2704509;GAO
2704538;GAO
2704656;GAO
2704700;GAO
2704745;GAO
2704780;GAO
2704923;GAO
2704975;GAO
2705012;GAO
2705130;GAO
2705153;GAO
2705176;GAO
2705182;GAO
2705207;GAO
2705213;GAO
2705294;GAO
2705360;GAO
2705377;GAO
2705390;GAO
2705450;GAO
2705561;GAO
2705584;GAO
2705609;GAO
2705696;GAO
2705779;GAO
2706017;GAO
2706320;GAO
2706336;GAO
2706342;GAO
2706371;GAO
2706460;GAO
2706550;GAO
2706572;GAO
2706626;GAO
2706738;GAO
2706744;GAO
2706827;GAO
2706939;GAO
2706945;GAO
2706980;GAO
2706997;GAO
2707005;GAO
2707063;GAO
2707123;GAO
2707146;GAO
2707152;GAO
2707212;GAO
2707235;GAO
2707330;GAO
2707420;GAO
2707471;GAO
2707548;GAO
2707590;GAO
2707614;GAO
2707784;GAO
2708163;GAO
2708246;GAO
2708298;GAO
2708335;GAO
2708619;GAO
2708648;GAO
2708677;GAO
2708683;GAO
2708720;GAO
2708750;GAO
2708766;GAO
2708938;GAO
2709033;GAO
2709139;GAO
2709180;GAO
2709197;GAO
2709205;GAO
2709234;GAO
2709270;GAO
2709381;GAO
2709406;GAO
2709412;GAO
2709441;GAO
2709493;GAO
2709530;GAO
2709719;GAO
2709754;GAO
2709843;GAO
2709850;GAO
2709866;GAO
2709872;GAO
2710036;GAO
2710102;GAO
2710125;GAO
2710272;GAO
2710310;GAO
2710332;GAO
2710390;GAO
2710579;GAO
2710591;GAO
2710645;GAO
2710823;GAO
2710830;GAO
2710935;O
2711120;GAO
2711165;GAO
2711188;GAO
2711248;GAO
2711366;GAO
2711627;GAO
2711768;GAO
2711946;GAO
2711975;GAO
2712029;GAO
2712041;GAO
2712093;GAO
2712124;GAO
2712130;GAO
2712176;GAO
2712207;GAO
2712265;GAO
2712271;GAO
2712288;GAO
2712325;GAO
2712450;GAO
2712503;GAO
2712510;GAO
2712526;GAO
2712532;GAO
2712561;GAO
2712584;GAO
2712644;GAO
2712874;GAO
2712880;GAO
2712905;GAO
2712957;GAO
2713075;GAO
2713106;GAO
2713193;GAO
2713342;GAO
2713431;GAO
2713490;GAO
2713603;GAO
2713709;GAO
2713767;GAO
2713780;GAO
2713810;GAO
2713827;GAO
2713833;GAO
2713840;GAO
2713891;GAO
2713980;GAO
2714005;GAO
2714146;GAO
2714318;GAO
2714324;GAO
2714382;GAO
2714399;GAO
2714407;GAO
2714413;GAO
2714465;GAO
2714531;GAO
2714548;GAO
2714577;GAO
2714608;GAO
2714614;GAO
2714643;GAO
2714650;GAO
2714666;GAO
2714710;GAO
2714784;GAO
2714956;GAO
2715128;GAO
2715157;GAO
2715217;GAO
2715223;GAO
2715246;GAO
2715269;GAO
2715312;GAO
2715329;GAO
2715364;GAO
2715370;GAO
2715401;GAO
2715418;GAO
2715453;GAO
2715542;GAO
2715594;GAO
2715683;GAO
2715810;GAO
2715826;GAO
2715832;GAO
2715855;GAO
2716027;GAO
2716056;GAO
2716062;GAO
2716091;GAO
2716122;GAO
2716151;GAO
2716205;GAO
2716270;GAO
2716323;GAO
2716412;GAO
2716441;GAO
2716530;GAO
2716599;GAO
2716783;GAO
2716790;GAO
2716808;GAO
2716820;GAO
2716843;GAO
2716961;GAO
2716990;GAO
2717104;GAO
2717127;GAO
2717191;GAO
2717274;GAO
2717392;GAO
2717529;GAO
2717682;GAO
2717742;GAO
2717788;GAO
2717802;GAO
2717848;GAO
2717854;GAO
2717890;GAO
2717914;GAO
2717972;GAO
2718144;GAO
2718150;GAO
2718167;GAO
2718492;GAO
2718598;GAO
2718641;GAO
2718664;GAO
2718670;GAO
2718687;GAO
2718718;GAO
2718894;GAO
2718919;GAO
2718990;GAO
2719103;GAO
2719126;GAO
2719132;GAO
2719161;GAO
2719327;GAO
2719340;GAO
2719385;GAO
2719391;GAO
2719422;GAO
2719439;GAO
2719646;GAO
2719652;GAO
2719706;GAO
2719764;GAO
2719936;GAO
2719959;GAO
2719994;GAO
2720000;GAO
2720052;GAO
2720218;GAO
2720230;GAO
2720307;GAO
2720371;GAO
2720388;GAO
2720448;GAO
2720454;GAO
2720483;GAO
2720490;GAO
2720508;GAO
2720520;GAO
2720626;GAO
2720744;GAO
2720840;GAO
2720879;GAO
2720974;GAO
2721057;GAO
2721063;GAO
2721198;GAO
2721206;GAO
2721407;GAO
2721726;GAO
2721732;GAO
2721749;GAO
2721809;GAO
2721850;GAO
2721867;GAO
2721927;GAO
2721933;GAO
2722074;GAO
2722080;GAO
2722140;GAO
2722275;GAO
2722306;GAO
2722393;GAO
2722401;GAO
2722418;GAO
2722460;GAO
2722520;GAO
2722559;GAO
2722743;GAO
2722772;GAO
2722884;GAO
2722938;GAO
2722950;GAO
2723027;GAO
2723100;GAO
2723205;GAO
2723240;GAO
2723270;GAO
2723464;GAO
2723576;GAO
2723642;GAO
2723694;GAO
2723702;GAO
2723820;GAO
2724009;GAO
2724162;GAO
2724200;GAO
2724311;GAO
2724498;GAO
2724535;GAO
2724541;GAO
2724558;GAO
2724564;GAO
2724593;GAO
2724647;GAO
2724653;GAO
2724736;GAO
2724742;GAO
2724759;GAO
2724890;GAO
2724972;GAO
2725026;GAO
2725061;GAO
2725279;GAO
2725285;GAO
2725316;GAO
2725351;GAO
2725380;GAO
2725581;GAO
2725598;GAO
2725753;GAO
2725813;GAO
2725894;GAO
2726014;GAO
2726020;GAO
2726215;GAO
2726238;GAO
2726244;GAO
2726356;GAO
2726400;GAO
2726416;GAO
2726468;GAO
2726570;GAO
2726592;GAO
2726698;GAO
2726860;GAO
2726907;GAO
2726988;GAO
2727077;GAO
2727083;GAO
2727150;GAO
2727172;GAO
2727261;GAO
2727290;GAO
2727309;GAO
2727344;GAO
2727410;GAO
2727440;GAO
2727551;GAO
2727580;GAO
2727605;GAO
2727628;GAO
2727640;GAO
2727717;GAO
2727723;GAO
2727864;GAO
2727953;GAO
2728020;GAO
2728208;GAO
2728295;GAO
2728303;GAO
2728390;GAO
2728616;GAO
2728645;GAO
2728674;GAO
2728757;GAO
2728935;GAO
2729194;GAO
2729283;GAO
2729389;GAO
2729395;GAO
2729403;GAO
2729461;GAO
2729521;GAO
2729656;GAO
2729739;GAO
2729745;GAO
2729780;GAO
2729857;GAO
2729863;GAO
2729870;GAO
2729969;GAO
2729975;GAO
2730010;GAO
2730056;GAO
2730091;GAO
2730257;GAO
2730375;GAO
2730429;GAO
2730518;GAO
2730607;GAO
2730620;GAO
2730694;GAO
2730702;GAO
2730731;GAO
2730754;GAO
2730760;GAO
2730843;GAO
2731038;GAO
2731140;GAO
2731216;GAO
2731245;GAO
2731370;GAO
2731506;GAO
2731512;GAO
2731601;GAO
2731653;GAO
2731676;GAO
2731794;GAO
2731825;GAO
2731854;GAO
2731877;GAO
2731995;GAO
2732026;GAO
2732078;GAO
2732204;GAO
2732285;GAO
2732345;GAO
2732428;GAO
2732569;GAO
2732612;GAO
2732724;GAO
2732730;GAO
2732753;GAO
2732859;GAO
2733066;GAO
2733072;GAO
2733149;GAO
2733155;GAO
2733161;GAO
2733190;GAO
2733267;GAO
2733439;GAO
2733445;GAO
2733563;GAO
2733617;GAO
2733698;GAO
2733729;GAO
2733793;GAO
2733818;GAO
2733876;GAO
2733907;GAO
2733920;GAO
2733988;GAO
2734031;GAO
2734350;GAO
2734367;GAO
2734410;GAO
2734611;GAO
2734670;GAO
2734700;GAO
2734717;GAO
2734746;GAO
2734781;GAO
2734812;GAO
2734924;GAO
2735065;GAO
2735119;GAO
2735131;GAO
2735177;GAO
2735214;GAO
2735415;GAO
2735467;GAO
2735473;GAO
2735480;GAO
2735697;GAO
2735941;GAO
2735970;GAO
2735993;GAO
2736001;GAO
2736018;GAO
2736120;GAO
2736142;GAO
2736202;GAO
2736260;GAO
2736290;GAO
2736343;GAO
2736350;GAO
2736410;GAO
2736432;GAO
2736461;GAO
2736515;GAO
2736538;GAO
2736596;O
2736662;GAO
2736716;GAO
2736870;GAO
2736946;GAO
2737070;GAO
2737093;GAO
2737124;GAO
2737130;GAO
2737176;GAO
2737319;GAO
2737325;GAO
2737354;GAO
2737443;GAO
2737450;GAO
2737472;GAO
2737503;GAO
2737510;GAO
2737584;GAO
2737667;GAO
2737756;GAO
2737800;GAO
2737822;GAO
2737905;GAO
2737928;GAO
2737934;GAO
2737940;GAO
2738030;GAO
2738081;GAO
2738098;GAO
2738187;GAO
2738224;GAO
2738260;GAO
2738342;GAO
2738508;GAO
2738514;GAO
2738543;GAO
2738572;GAO
2738684;GAO
2738721;GAO
2738738;GAO
2738750;GAO
2738885;GAO
2738900;GAO
2738922;GAO
2738945;GAO
2738951;GAO
2738968;GAO
2738974;GAO
2739028;GAO
2739057;GAO
2739229;GAO
2739287;GAO
2739353;GAO
2739399;GAO
2739519;GAO
2739620;GAO
2739666;GAO
2739749;GAO
2739933;GAO
2739962;GAO
2740037;GAO
2740043;GAO
2740050;GAO
2740072;GAO
2740089;GAO
2740379;GAO
2740497;GAO
2740534;GAO
2740630;GAO
2740646;GAO
2740706;GAO
2740729;GAO
2740793;GAO
2740801;GAO
2740824;GAO
2740830;GAO
2740847;GAO
2740882;GAO
2740936;GAO
2740971;GAO
2741031;GAO
2741054;GAO
2741143;GAO
2741210;GAO
2741249;GAO
2741255;GAO
2741278;GAO
2741321;GAO
2741344;GAO
2741456;GAO
2741491;GAO
2741500;GAO
2741516;GAO
2741551;GAO
2741574;GAO
2741611;GAO
2741947;GAO
2742036;GAO
2742148;GAO
2742214;GAO
2742266;GAO
2742303;GAO
2742390;GAO
2742438;GAO
2742450;GAO
2742585;GAO
2742651;GAO
2742711;GAO
2742800;GAO
2742846;GAO
2742875;GAO
2742941;GAO
2743018;GAO
2743060;GAO
2743202;GAO
2743231;GAO
2743490;GAO
2743573;GAO
2743580;GAO
2743596;GAO
2743610;GAO
2743700;GAO
2743716;GAO
2743834;GAO
2743886;GAO
2743917;GAO
2743923;GAO
2743946;GAO
2744087;GAO
2744101;GAO
2744176;GAO
2744220;GAO
2744236;GAO
2744331;GAO
2744348;GAO
2744532;GAO
2744561;GAO
2744638;GAO
2744680;GAO
2744756;GAO
2744800;GAO
2744839;GAO
2744851;GAO
2744868;GAO
2744957;GAO
2744963;GAO
2745023;GAO
2745075;GAO
2745112;GAO
2745320;GAO
2745537;GAO
2745543;GAO
2745550;GAO
2745632;GAO
2745827;GAO
2745840;GAO
2745900;GAO
2746057;GAO
2746092;GAO
2746123;GAO
2746146;GAO
2746235;GAO
2746258;GAO
2746287;GAO
2746301;GAO
2746318;GAO
2746407;GAO
2746436;GAO
2746442;GAO
2746459;GAO
2746471;GAO
2746488;GAO
2746502;GAO
2746519;GAO
2746548;GAO
2746710;GAO
2746732;GAO
2746778;GAO
2746790;GAO
2746838;GAO
2746844;GAO
2747281;K
2747476;GAO
2747482;GAO
2747542;GAO
2747588;GAO
2747631;GAO
2747648;GAO
2747654;GAO
2747720;GAO
2747795;GAO
2747803;GAO
2747810;GAO
2747915;GAO
2747921;GAO
2747938;GAO
2747944;GAO
2748010;GAO
2748027;GAO
2748033;GAO
2748085;GAO
2748091;O
2748139;GAO
2748234;GAO
2748263;GAO
2748292;GAO
2748369;GAO
2748398;GAO
2748406;GAO
2748458;GAO
2748470;GAO
2748518;GAO
2748613;GAO
2748620;GAO
2748642;GAO
2748688;GAO
2748760;GAO
2748932;GAO
2748984;GAO
2749156;GAO
2749191;GAO
2749245;GAO
2749305;GAO
2749334;GAO
2749357;GAO
2749386;GAO
2749392;GAO
2749417;GAO
2749469;GAO
2749475;GAO
2749564;GAO
2749676;GAO
2749736;GAO
2749742;GAO
2749759;GAO
2749765;GAO
2750018;GAO
2750053;GAO
2750159;GAO
2750165;GAO
2750248;GAO
2750277;GAO
2750410;GAO
2750426;GAO
2750515;GAO
2750580;GAO
2750745;GAO
2750751;GAO
2750797;GAO
2750840;GAO
2750886;GAO
2750892;GAO
2750930;GAO
2751012;GAO
2751029;GAO
2751093;GAO
2751271;GAO
2751288;GAO
2751325;GAO
2751331;GAO
2751437;GAO
2751489;GAO
2751680;GAO
2751785;GAO
2751816;GAO
2751874;GAO
2751905;GAO
2751911;GAO
2751992;GAO
2752046;GAO
2752052;GAO
2752164;GAO
2752187;GAO
2752193;GAO
2752201;GAO
2752218;GAO
2752230;GAO
2752448;GAO
2752543;GAO
2752715;GAO
2752833;GAO
2752885;GAO
2753034;GAO
2753040;GAO
2753063;GAO
2753100;GAO
2753198;GAO
2753264;GAO
2753287;GAO
2753531;GAO
2753666;GAO
2753672;GAO
2753809;GAO
2753815;GAO
2753850;GAO
2753880;GAO
2753896;GAO
2753904;GAO
2754022;GAO
2754186;GAO
2754223;GAO
2754230;GAO
2754588;GAO
2754654;GAO
2754720;GAO
2754944;GAO
2755004;GAO
2755040;GAO
2755100;GAO
2755122;GAO
2755234;GAO
2755240;GAO
2755263;GAO
2755270;GAO
2755292;GAO
2755330;GAO
2755458;GAO
2755518;GAO
2755547;GAO
2755607;GAO
2755636;GAO
2755719;GAO
2755889;GAO
2755932;GAO
2755949;GAO
2755978;GAO
2755984;GAO
2756009;GAO
2756200;GAO
2756370;GAO
2756386;GAO
2756392;GAO
2756400;GAO
2756417;GAO
2756498;GAO
2756570;GAO
2756593;GAO
2756618;GAO
2756819;GAO
2756825;GAO
2756831;GAO
2756877;GAO
2756914;GAO
2756950;GAO
2757032;GAO
2757055;GAO
2757061;GAO
2757109;GAO
2757121;GAO
2757240;GAO
2757256;GAO
2757339;GAO
2757411;GAO
2757428;GAO
2757598;GAO
2757760;GAO
2757776;GAO
2757888;GAO
2757894;GAO
2757948;GAO
2758110;GAO
2758149;GAO
2758184;GAO
2758190;GAO
2758238;GAO
2758296;GAO
2758362;GAO
2758385;GAO
2758439;GAO
2758480;GAO
2758534;GAO
2758592;GAO
2758600;GAO
2758706;GAO
2758758;GAO
2758801;GAO
2758824;GAO
2758942;GAO
2758959;GAO
2758994;GAO
2759077;GAO
2759137;GAO
2759226;GAO
2759232;GAO
2759255;GAO
2759338;GAO
2759373;GAO
2759380;GAO
2759396;GAO
2759462;GAO
2759479;GAO
2759568;GAO
2759580;GAO
2759611;GAO
2759628;GAO
2759634;GAO
2759640;GAO
2759700;GAO
2760005;GAO
2760123;GAO
2760531;GAO
2760590;GAO
2760643;GAO
2760650;GAO
2760672;GAO
2760749;GAO
2760778;GAO
2760809;GAO
2760838;GAO
2760867;GAO
2760896;GAO
2760956;GAO
2760985;GAO
2761039;GAO
2761051;GAO
2761068;GAO
2761097;GAO
2761157;GAO
2761170;GAO
2761186;GAO
2761387;GAO
2761482;GAO
2761520;GAO
2761660;GAO
2761878;GAO
2761921;GAO
2761938;GAO
2761950;GAO
2762085;GAO
2762197;GAO
2762406;GAO
2762524;GAO
2762582;GAO
2762725;GAO
2762850;GAO
2762990;GAO
2763021;GAO
2763127;GAO
2763311;GAO
2763370;GAO
2763535;GAO
2763541;GAO
2763682;GAO
2763736;GAO
2763943;GAO
2763972;GAO
2763989;GAO
2764010;GAO
2764032;GAO
2764291;GAO
2764470;GAO
2764546;GAO
2764664;GAO
2764760;GAO
2764799;GAO
2764894;GAO
2764977;GAO
2765050;GAO
2765072;GAO
2765267;GAO
2765340;GAO
2765356;GAO
2765362;GAO
2765391;GAO
2765400;GAO
2765416;GAO
2765451;GAO
2765563;GAO
2765592;GAO
2765729;GAO
2765735;GAO
2765876;GAO
2765899;GAO
2766232;GAO
2766249;GAO
2766315;GAO
2766373;GAO
2766485;GAO
2766516;GAO
2766522;GAO
2766539;GAO
2766640;GAO
2766746;GAO
2766841;GAO
2766870;GAO
2766887;GAO
2766893;GAO
2766918;GAO
2766999;GAO
2767007;GAO
2767020;GAO
2767102;GAO
2767131;GAO
2767148;GAO
2767326;GAO
2767504;GAO
2767510;GAO
2767616;GAO
2767639;GAO
2767680;GAO
2767823;GAO
2767929;GAO
2767970;GAO
2768107;GAO
2768120;GAO
2768165;GAO
2768219;GAO
2768254;GAO
2768366;GAO
2768432;K
2768515;GAO
2768544;GAO
2768610;GAO
2768679;GAO
2769012;GAO
2769029;GAO
2769035;GAO
2769058;GAO
2769288;GAO
2769294;GAO
2769319;GAO
2769383;GAO
2769503;GAO
2769549;GAO
2769986;GAO
2770067;GAO
2770179;GAO
2770216;GAO
2770274;GAO
2770311;GAO
2770340;GAO
2770357;GAO
2770498;GAO
2770558;GAO
2770593;GAO
2770624;GAO
2770707;GAO
2770759;GAO
2770825;GAO
2770877;GAO
2771003;GAO
2771084;GAO
2771090;GAO
2771144;GAO
2771279;GAO
2771397;GAO
2771612;GAO
2771836;GAO
2771859;GAO
2771894;GAO
2771948;GAO
2771977;O
2772008;GAO
2772020;GAO
2772178;GAO
2772209;GAO
2772215;GAO
2772340;GAO
2772422;GAO
2772439;GAO
2772451;GAO
2772468;GAO
2772480;GAO
2772681;GAO
2772706;GAO
2772735;GAO
2772758;GAO
2772764;GAO
2772971;GAO
2772988;GAO
2773137;GAO
2773172;GAO
2773427;GAO
2773500;GAO
2773539;GAO
2773605;GAO
2773640;GAO
2773670;GAO
2773746;GAO
2773781;GAO
2773806;GAO
2773812;GAO
2774102;GAO
2774208;GAO
2774250;GAO
2774415;GAO
2774421;GAO
2774527;GAO
2774674;GAO
2774987;GAO
2774993;GAO
2775076;GAO
2775188;GAO
2775194;GAO
2775290;GAO
2775521;GAO
2775538;GAO
2775840;GAO
2775857;GAO
2775863;GAO
2776160;GAO
2776176;GAO
2776220;GAO
2776271;GAO
2776549;GAO
2776609;GAO
2776638;GAO
2776696;GAO
2776785;GAO
2776963;GAO
2776986;GAO
2777000;GAO
2777017;GAO
2777164;GAO
2777260;GAO
2777336;GAO
2777359;GAO
2777595;GAO
2777916;GAO
2778152;GAO
2778264;GAO
2778270;GAO
2778360;GAO
2778590;GAO
2778614;GAO
2778637;GAO
2778666;GAO
2778755;GAO
2778790;GAO
2778815;GAO
2778821;GAO
2778927;GAO
2778962;GAO
2779080;GAO
2779275;GAO
2779281;GAO
2779341;GAO
2779370;GAO
2779387;GAO
2779499;GAO
2779507;GAO
2779619;GAO
2779743;GAO
2779810;GAO
2779849;GAO
2779855;GAO
2779861;GAO
2779890;GAO
2780048;GAO
2780114;GAO
2780189;GAO
2780344;GAO
2780373;GAO
2780551;GAO
2780670;GAO
2780717;GAO
2780806;GAO
2780887;GAO
2781088;GAO
2781160;GAO
2781190;GAO
2781237;GAO
2781310;GAO
2781326;GAO
2781361;GAO
2781378;GAO
2781415;GAO
2781510;GAO
2781705;GAO
2781757;GAO
2781800;GAO
2781823;GAO
2781852;GAO
2781881;GAO
2782194;GAO
2782219;GAO
2782225;GAO
2782277;GAO
2782389;GAO
2782509;GAO
2782515;GAO
2782521;GAO
2782640;GAO
2782700;GAO
2782870;GAO
2782886;GAO
2783294;GAO
2783302;GAO
2783390;GAO
2783420;GAO
2783443;GAO
2783450;GAO
2783615;GAO
2783650;GAO
2783673;GAO
2783756;GAO
2783785;GAO
2783822;GAO
2783911;GAO
2783928;GAO
2783992;GAO
2784164;GAO
2784299;GAO
2784307;GAO
2784336;GAO
2784359;GAO
2784419;GAO
2784460;GAO
2784477;GAO
2784508;GAO
2784572;GAO
2784610;GAO
2784626;GAO
2784632;GAO
2784840;GAO
2784916;GAO
2784951;GAO
2784968;GAO
2784974;GAO
2785040;GAO
2785117;GAO
2785123;GAO
2785130;GAO
2785169;GAO
2785181;GAO
2785229;GAO
2785301;GAO
2785324;GAO
2785353;GAO
2785382;GAO
2785531;GAO
2785778;GAO
2785821;GAO
2785904;GAO
2785910;GAO
2785927;GAO
2786000;GAO
2786111;GAO
2786269;GAO
2786281;GAO
2786424;GAO
2786460;GAO
2786619;GAO
2786714;GAO
2786737;GAO
2786878;GAO
2786944;GAO
2787062;GAO
2787116;GAO
2787151;GAO
2787205;GAO
2787292;GAO
2787464;GAO
2787518;GAO
2787719;GAO
2787777;GAO
2787910;GAO
2787949;GAO
2787961;GAO
2787978;GAO
2788340;GAO
2788423;GAO
2788498;GAO
2788512;GAO
2788624;GAO
2788707;GAO
2788883;GAO
2789026;GAO
2789138;GAO
2789196;GAO
2789204;GAO
2789227;GAO
2789316;GAO
2789463;GAO
2789664;GAO
2789836;GAO
2789960;GAO
2790093;GAO
2790130;GAO
2790182;GAO
2790259;GAO
2790495;GAO
2790584;GAO
2790590;GAO
2790680;GAO
2790696;GAO
2790733;GAO
2790779;GAO
2790800;GAO
2790880;GAO
2790905;GAO
2790940;GAO
2790986;GAO
2790992;GAO
2791218;GAO
2791224;GAO
2791299;GAO
2791365;GAO
2791371;GAO
2791388;GAO
2791454;GAO
2791610;GAO
2791626;GAO
2791632;GAO
2791678;GAO
2791738;GAO
2792152;GAO
2792175;GAO
2792258;GAO
2792270;GAO
2792293;GAO
2792360;GAO
2792525;GAO
2792531;GAO
2792666;GAO
2792672;GAO
2792689;GAO
2792703;GAO
2792821;GAO
2792910;GAO
2793074;GAO
2793128;GAO
2793170;GAO
2793200;GAO
2793335;GAO
2793460;GAO
2793482;GAO
2793499;GAO
2793559;GAO
2793737;GAO
2793789;GAO
2793832;GAO
2793884;GAO
2793890;GAO
2794033;GAO
2794040;GAO
2794056;GAO
2794079;GAO
2794180;GAO
2794205;GAO
2794441;GAO
2794487;GAO
2794642;GAO
2794866;GAO
2794990;GAO
2795096;GAO
2795104;GAO
2795179;GAO
2795191;GAO
2795200;GAO
2795311;GAO
2795340;GAO
2795452;GAO
2795699;GAO
2795742;GAO
2795802;GAO
2795860;GAO
2795914;GAO
2795937;GAO
2795972;GAO
2796032;GAO
2796090;GAO
2796109;GAO
2796144;GAO
2796173;GAO
2796300;GAO
2796322;GAO
2796457;GAO
2796486;GAO
2796517;GAO
2796523;GAO
2796606;GAO
2796658;GAO
2796693;GAO
2796753;GAO
2796799;GAO
2796813;GAO
2797037;GAO
2797066;GAO
2797155;GAO
2797280;GAO
2797296;GAO
2797310;GAO
2797362;GAO
2797563;GAO
2797623;GAO
2797630;GAO
2797646;GAO
2797652;GAO
2797675;GAO
2797681;GAO
2797729;GAO
2797764;GAO
2797770;GAO
2797913;GAO
2797994;GAO
2798315;GAO
2798338;GAO
2798404;GAO
2798427;GAO
2798433;GAO
2798485;GAO
2798516;GAO
2798574;GAO
2798663;GAO
2798717;GAO
2798775;GAO
2798798;GAO
2798829;GAO
2798864;GAO
2798953;GAO
2799059;GAO
2799160;GAO
2799177;GAO
2799326;GAO
2799421;GAO
2799527;GAO
2799600;GAO
2799668;GAO
2799705;GAO
2799823;GAO
2799869;GAO
2799958;GAO
3100140;M
3100156;C
3100162;M
3100179;S
3100185;C
3100268;S
3100311;M
3100334;M
3100357;S
3100392;C
3100469;M
3100506;M
3100535;M
3100564;M
3100618;C
3100624;M
3100653;M
3100699;M
3100765;S
3100920;M
3100972;M
3101010;C
3101078;C
3101138;C
3101167;M
3101173;M
3101291;S
3101316;C
3101368;M
3101397;C
3101405;M
3101411;C
3101428;R
3101470;C
3101486;C
3101523;M
3101606;M
3101670;M
3101807;M
3101820;C
3101888;M
3102008;M
3102037;C
3102043;C
3102066;C
3102072;C
3102095;M
3102110;C
3102273;C
3102296;M
3102385;G
3102391;C
3102422;M
3102646;M
3102793;A
3102824;M
3102860;C
3102942;C
3103002;C
3103031;M
3103077;S
3103172;E
3103189;C
3103195;M
3103309;M
3103344;M
3103410;C
3103440;M
3103522;M
3103611;C
3103663;R
3103769;C
3103835;M
3103864;C
3103924;M
3103976;C
3104007;M
3104020;A
3104042;C
3104119;M
3104148;S
3104154;M
3104160;C
3104177;M
3104190;C
3104310;M
3104378;M
3104444;M
3104496;C
3104556;M
3104616;M
3104674;M
3104697;M
3104728;M
3104763;M
3104792;M
3104830;M
3104846;M
3104881;C
3104912;C
3104941;C
3104987;M
3104993;M
3105142;M
3105159;M
3105188;C
3105277;C
3105455;M
3105573;M
3105604;C
3105716;M
3105774;C
3105811;M
3105857;S
3105863;M
3105886;M
3105900;C
3105969;C
3106006;C
3106041;M
3106064;G
3106087;C
3106130;G
3106207;C
3106259;M
3106437;C
3106466;C
3106621;C
3106733;M
3106791;C
3106992;M
3107069;C
3107081;C
3107098;A
3107129;A
3107141;C
3107164;M
3107253;M
3107402;C
3107425;M
3107460;C
3107537;C
3107543;A
3107566;M
3107690;C
3107744;C
3107750;M
3107827;C
3107856;C
3107862;M
3107891;C
3107916;M
3107922;C
3107939;C
3107997;C
3108169;C
3108241;C
3108293;C
3108301;M
3108330;E
3108376;M
3108420;M
3108436;M
3108643;M
3108695;C
3108896;C
3108910;M
3108927;C
3108933;M
3109051;C
3109157;M
3109192;A
3109230;C
3109246;S
3109335;M
3109341;C
3109370;M
3109513;C
3109520;C
3109542;G
3109565;C
3109571;C
3109766;A
3109803;M
3109826;C
3109855;C
3109861;M
3109878;C
3109996;C
3110025;C
3110166;C
3110189;M
3110195;M
3110255;C
3110440;C
3110462;M
3110491;M
3110539;M
3110551;M
3110580;C
3110597;M
3110611;C
3110657;A
3110700;C
3110723;C
3110870;M
3110887;M
3110918;M
3110924;C
3110999;C
3111013;M
3111214;M
3111243;M
3111250;M
3111266;M
3111272;C
3111390;M
3111415;M
3111421;C
3111467;M
3111480;M
3111556;M
3111562;N
3111579;A
3111591;C
3111639;A
3111668;M
3111680;C
3111705;C
3111792;M
3111800;M
3111875;S
3111881;M
3111970;M
3111993;C
3112107;C
3112113;C
3112202;M
3112219;C
3112231;C
3112254;M
3112314;M
3112544;M
3112573;C
3112604;A
3112627;C
3112811;C
3112834;C
3112892;C
3112900;C
3112917;M
3112930;M
3112946;C
3113087;C
3113124;M
3113130;M
3113153;C
3113182;M
3113288;C
3113302;M
3113354;C
3113360;C
3113408;M
3113437;C
3113443;M
3113450;C
3113561;M
3113762;M
3113785;M
3113816;C
3113839;C
3113934;C
3114017;C
3114052;M
3114106;M
3114129;M
3114230;A
3114253;G
3114282;C
3114336;M
3114342;M
3114520;C
3114603;M
3114684;M
3114715;M
3114750;C
3114862;C
3114879;C
3114922;S
3114939;M
3114968;M
3115028;M
3115092;C
3115152;S
3115169;M
3115175;C
3115181;C
3115212;M
3115229;M
3115241;C
3115347;A
3115399;M
3115465;M
3115583;M
3115643;C
3115689;M
3115703;S
3115821;M
3115910;M
3115927;C
3115933;C
3115940;C
3115956;M
3116097;M
3116157;M
3116170;M
3116186;C
3116192;C
3116269;C
3116281;M
3116329;C
3116335;M
3116387;E
3116424;C
3116476;G
3116507;C
3116559;M
3116588;M
3116594;C
3116625;M
3116766;C
3116789;C
3116832;M
3116909;C
3116944;S
3116950;C
3117010;M
3117040;C
3117286;C
3117292;C
3117369;M
3117375;A
3117412;C
3117464;M
3117487;M
3117671;M
3117777;M
3117783;C
3117872;C
3117910;M
3117932;M
3117978;M
3117984;M
3118021;C
3118104;C
3118140;M
3118222;C
3118274;M
3118280;M
3118297;M
3118363;C
3118475;C
3118541;C
3118630;M
3118647;M
3118765;M
3118883;C
3118908;A
3118943;R
3119003;M
3119138;M
3119210;C
3119233;C
3119240;C
3119291;M
3119300;C
3119339;C
3119463;C
3119581;C
3119747;C
3119820;C
3119865;G
3119983;M
3120012;M
3120029;M
3120041;M
3120058;M
3120064;M
3120124;M
3120199;M
3120207;C
3120271;M
3120510;S
3120621;C
3120710;C
3120762;M
3120845;M
3120897;C
3120957;R
3120963;M
3120970;S
3121030;C
3121046;C
3121075;C
3121098;C
3121129;M
3121158;C
3121170;C
3121187;C
3121260;C
3121282;C
3121299;M
3121388;C
3121394;M
3121402;G
3121483;M
3121490;C
3121543;M
3121661;C
3121678;M
3121684;M
3121721;M
3121810;S
3121939;C
3121980;C
3122005;M
3122028;M
3122092;C
3122117;M
3122169;M
3122181;C
3122198;A
3122287;N
3122301;C
3122318;M
3122353;M
3122376;A
3122382;M
3122407;M
3122442;C
3122471;C
3122554;M
3122583;M
3122590;M
3122608;C
3122614;M
3122620;C
3122637;C
3122672;A
3122689;C
3122703;M
3122755;C
3122778;M
3122809;C
3122850;M
3123000;A
3123016;M
3123045;M
3123170;M
3123192;C
3123200;C
3123275;E
3123306;M
3123329;C
3123364;S
3123387;G
3123447;C
3123482;C
3123499;M
3123536;C
3123654;C
3123690;C
3123714;M
3123737;C
3123772;C
3123967;C
3124027;M
3124145;M
3124240;M
3124263;E
3124300;C
3124352;C
3124369;M
3124375;M
3124381;C
3124412;C
3124501;M
3124553;C
3124576;C
3124599;C
3124665;M
3124702;C
3124790;M
3124820;C
3124895;M
3124903;M
3124932;M
3124949;M
3124955;C
3124961;C
3125044;C
3125104;M
3125191;C
3125200;M
3125245;M
3125251;M
3125305;M
3125446;M
3125452;M
3125469;C
3125475;C
3125529;M
3125587;C
3125653;N
3125676;A
3125736;M
3125742;C
3125759;C
3125765;M
3125854;M
3125943;C
3126026;C
3126032;M
3126055;C
3126109;C
3126262;C
3126322;M
3126405;C
3126486;M
3126724;C
3126730;C
3126753;M
3126760;A
3126776;C
3126782;C
3127037;C
3127050;C
3127161;M
3127244;C
3127280;M
3127333;M
3127340;M
3127356;M
3127362;M
3127400;C
3127416;M
3127422;S
3127445;C
3127480;M
3127511;M
3127630;C
3127847;M
3127899;A
3127942;M
3127988;M
3127994;S
3128002;M
3128048;C
3128054;M
3128108;M
3128189;S
3128226;M
3128290;M
3128309;M
3128344;E
3128350;M
3128373;C
3128427;A
3128433;C
3128628;C
3128657;C
3128700;C
3128723;G
3128730;A
3128812;M
3128829;M
3128841;C
3128976;M
3129007;M
3129013;M
3129059;A
3129071;M
3129094;M
3129208;C
3129326;C
3129409;S
3129438;C
3129450;C
3129585;A
3129668;M
3129680;M
3129697;M
3129711;M
3129728;C
3129881;C
3129898;M
3129935;M
3130016;C
3130192;C
3130200;M
3130217;M
3130312;C
3130341;A
3130370;M
3130453;A
3130476;M
3130542;C
3130648;A
3130683;M
3130720;M
3130766;M
3130772;M
3130832;M
3130855;M
3130938;M
3130950;A
3130973;M
3131010;C
3131033;M
3131056;M
3131079;A
3131091;C
3131100;M
3131174;C
3131429;C
3131470;C
3131576;C
3131599;S
3131694;C
3131725;C
3131760;M
3131820;C
3131889;M
3131903;M
3131949;C
3131955;M
3131961;C
3131978;C
3131990;M
3132104;C
3132140;A
3132297;C
3132363;M
3132370;C
3132392;M
3132446;M
3132475;C
3132481;M
3132593;C
3132601;M
3132802;M
3132860;C
3132877;M
3132890;M
3132914;M
3132920;M
3132989;M
3133026;M
3133032;M
3133180;M
3133204;C
3133227;C
3133240;M
3133256;M
3133262;M
3133411;M
3133434;C
3133463;T
3133486;C
3133517;S
3133523;C
3133546;M
3133552;C
3133730;E
3133782;M
3133865;C
3133902;A
3133931;C
3134037;M
3134110;M
3134126;M
3134132;C
3134178;M
3134362;C
3134379;C
3134400;M
3134416;M
3134511;S
3134540;N
3134570;M
3134592;A
3134669;C
3134675;C
3134712;C
3134735;C
3134741;M
3134847;C
3134988;C
3134994;G
3135077;M
3135114;M
3135189;C
3135255;C
3135284;S
3135290;M
3135321;C
3135338;C
3135396;C
3135404;S
3135663;M
3135670;C
3135692;M
3135746;S
3135798;C
3135947;G
3135960;C
3135976;G
3135982;A
3135999;M
3136059;M
3136088;C
3136131;C
3136154;C
3136177;C
3136208;C
3136303;M
3136310;M
3136326;C
3136349;C
3136378;C
3136384;C
3136390;M
3136421;N
3136450;C
3136467;C
3136473;C
3136480;M
3136540;M
3136556;M
3136622;M
3136639;C
3136651;C
3136668;C
3136770;M
3136823;C
3136852;M
3136881;C
3136898;M
3136970;M
3137113;N
3137159;C
3137188;C
3137194;C
3137283;M
3137308;C
3137478;M
3137484;M
3137596;E
3137604;M
3137656;M
3137722;C
3137739;A
3137768;S
3137805;M
3137900;M
3137998;C
3138058;M
3138160;M
3138271;M
3138377;M
3138390;G
3138420;M
3138437;M
3138443;C
3138549;C
3138621;M
3138650;S
3138762;M
3138779;M
3138822;C
3138851;C
3138897;C
3138928;C
3138934;M
3138940;C
3139081;A
3139135;M
3139247;M
3139388;C
3139402;M
3139483;C
3139543;M
3139550;C
3139610;M
3139649;C
3139655;C
3139709;C
3139833;M
3139840;C
3139862;C
3139891;M
3139916;M
3140026;A
3140032;M
3140049;M
3140150;M
3140240;M
3140285;M
3140291;E
3140339;M
3140368;M
3140405;C
3140411;S
3140612;C
3140629;M
3140641;C
3140693;A
3140701;C
3140718;M
3140747;C
3140813;M
3140836;M
3140894;C
3140925;T
3140931;M
3141020;C
3141178;M
3141221;M
3141244;M
3141250;C
3141310;C
3141356;C
3141416;C
3141445;M
3141451;C
3141592;D
3141698;C
3141801;M
3141853;C
3141942;M
3142054;C
3142090;M
3142114;S
3142137;M
3142226;M
3142255;C
3142344;C
3142568;M
3142611;M
3142806;G
3142870;C
3142893;A
3142901;C
3142918;M
3142930;C
3142953;A
3143007;M
3143059;M
3143088;M
3143131;M
3143148;M
3143214;C
3143237;R
3143326;C
3143384;C
3143438;M
3143473;M
3143510;E
3143734;C
3143757;M
3143846;C
3143869;C
3143898;M
3143906;C
3143929;M
3144047;M
3144277;C
3144314;C
3144515;C
3144538;M
3144544;M
3144573;C
3144610;M
3144716;E
3144834;M
3144870;M
3144969;M
3144975;C
3145035;C
3145064;M
3145118;A
3145130;M
3145242;S
3145294;C
3145302;M
3145390;M
3145408;M
3145466;M
3145532;S
3145578;C
3145785;M
3145816;C
3145874;M
3145928;M
3145986;M
3145992;S
3146069;C
3146075;C
3146106;M
3146112;M
3146141;M
3146164;C
3146187;C
3146201;C
3146260;M
3146276;M
3146282;S
3146320;C
3146431;C
3146483;C
3146520;A
3146572;A
3146649;N
3146655;M
3146690;M
3146750;C
3146773;M
3146780;M
3146856;S
3146974;M
3147028;M
3147034;C
3147063;M
3147117;C
3147212;M
3147324;A
3147413;C
3147471;A
3147643;M
3147749;M
3147755;S
3147761;M
3147784;C
3147790;C
3147809;C
3147821;M
3147850;M
3147867;C
3147940;M
3148192;A
3148281;M
3148306;M
3148312;C
3148393;C
3148401;C
3148418;C
3148476;M
3148588;C
3148625;C
3148631;M
3148648;C
3148677;C
3148683;S
3148772;C
3148826;G
3148884;M
3148909;C
3148921;M
3148996;C
3149004;C
3149010;M
3149079;M
3149085;C
3149197;C
3149228;C
3149323;M
3149352;C
3149375;M
3149435;C
3149518;C
3149530;M
3149576;M
3149642;T
3149671;C
3149790;M
3149978;C
3150071;E
3150125;M
3150160;C
3150243;C
3150289;C
3150332;S
3150349;M
3150415;M
3150421;C
3150450;M
3150504;M
3150510;C
3150533;C
3150579;C
3150674;M
3150697;M
3150711;C
3150763;C
3150786;M
3150830;M
3150852;M
3150898;M
3150912;M
3150987;M
3151018;C
3151047;M
3151053;M
3151188;C
3151194;C
3151202;C
3151254;A
3151277;M
3151290;M
3151366;M
3151372;C
3151403;A
3151627;A
3151662;M
3151722;A
3151745;M
3152207;M
3152236;M
3152265;M
3152294;M
3152319;M
3152472;M
3152489;M
3152609;C
3152638;A
3152650;C
3152667;C
3152762;M
3152779;C
3152785;C
3152791;C
3152897;M
3152905;M
3152911;C
3152970;C
3153000;C
3153081;C
3153098;C
3153129;M
3153135;C
3153276;G
3153299;G
3153307;M
3153460;C
3153678;M
3153767;M
3153827;M
3153833;M
3153856;C
3153891;M
3153951;M
3153974;C
3153980;C
3154005;M
3154034;C
3154063;M
3154100;C
3154123;M
3154347;M
3154382;C
3154399;M
3154560;M
3154650;M
3154689;S
3154761;C
3154778;C
3154838;M
3154904;C
3154940;M
3154956;S
3155000;M
3155097;C
3155170;C
3155312;C
3155335;M
3155453;C
3155559;C
3155588;C
3155690;M
3155714;C
3155750;M
3155772;M
3155849;A
3155855;M
3155884;E
3155950;M
3156174;M
3156412;M
3156458;M
3156501;C
3156560;C
3156688;C
3156777;G
3156783;M
3156837;C
3156843;M
3156850;C
3156903;C
3156910;M
3156978;M
3157015;M
3157179;M
3157386;M
3157400;C
3157570;M
3157825;C
3157831;M
3157908;S
3157920;M
3157937;M
3157950;M
3158055;C
3158061;C
3158078;M
3158084;C
3158109;C
3158144;C
3158233;M
3158291;M
3158322;C
3158368;M
3158374;M
3158397;A
3158440;C
3158486;T
3158530;M
3158569;C
3158629;G
3158724;M
3158776;M
3158871;A
3158960;C
3159072;M
3159126;M
3159178;C
3159244;M
3159304;C
3159379;M
3159497;M
3159505;E
3159528;C
3159563;C
3159592;C
3159600;C
3159617;C
3159652;C
3159669;G
3159787;E
3159818;C
3159907;C
3159942;M
3159965;C
3159994;M
3160017;A
3160135;C
3160224;C
3160276;M
3160388;C
3160520;M
3160543;M
3160589;C
3160626;C
3160632;M
3160750;M
3160833;M
3160862;C
3160922;C
3160945;E
3161028;C
3161063;C
3161130;M
3161146;C
3161175;C
3161212;C
3161442;M
3161465;M
3161488;C
3161494;M
3161519;C
3161548;M
3161554;C
3161643;M
3161689;C
3161761;A
3161815;M
3161844;C
3161896;M
3161933;M
3161940;M
3162039;C
3162157;C
3162217;C
3162223;M
3162298;G
3162430;M
3162460;M
3162476;S
3162482;C
3162915;M
3162950;S
3162973;C
3162980;M
3163004;M
3163145;M
3163300;M
3163317;M
3163346;C
3163369;C
3163398;C
3163458;C
3163487;M
3163524;M
3163576;C
3163582;C
3163599;G
3163607;C
3163636;C
3163659;M
3163671;M
3163814;M
3163837;M
3163903;C
3163955;N
3164009;E
3164096;C
3164140;M
3164185;C
3164222;C
3164334;M
3164340;A
3164392;C
3164446;C
3164529;C
3164601;C
3164618;C
3164624;C
3164630;C
3164647;A
3164788;C
3164802;C
3164825;C
3164890;M
3164937;M
3164972;A
3165026;C
3165078;M
3165173;C
3165204;C
3165210;M
3165227;S
3165345;C
3165428;M
3165517;M
3165606;M
3165635;C
3165641;C
3165670;C
3165799;C
3165977;C
3166014;C
3166110;A
3166184;C
3166310;C
3166385;S
3166391;C
3166422;C
3166497;M
3166557;M
3166764;C
3166801;M
3167031;M
3167048;A
3167077;C
3167150;S
3167309;M
3167462;C
3167491;C
3167611;C
3167700;C
3167717;C
3167812;M
3167893;M
3167901;C
3168036;C
3168042;M
3168190;C
3168266;M
3168272;C
3168289;C
3168295;C
3168384;C
3168409;A
3168415;C
3168562;A
3168591;M
3168600;M
3168616;M
3168639;M
3168830;M
3169001;M
3169099;M
3169107;C
3169188;C
3169248;C
3169283;M
3169308;M
3169314;M
3169389;M
3169679;C
3169722;R
3169751;M
3169768;M
3169774;C
3169863;M
3170033;C
3170487;M
3170665;M
3170671;M
3170725;C
3170754;C
3170783;C
3170790;M
3170837;C
3170895;M
3170926;C
3170984;M
3171044;M
3171110;M
3171200;C
3171305;M
3171311;S
3171392;C
3171400;M
3171506;C
3171535;C
3171587;S
3171593;C
3171601;M
3171618;C
3171624;C
3171630;C
3171825;C
3171831;E
3171860;C
3171950;C
3172032;M
3172055;C
3172196;E
3172374;M
3172405;M
3172463;C
3172517;M
3172658;M
3172664;E
3172724;S
3172820;C
3172960;C
3173089;M
3173095;M
3173155;M
3173391;M
3173439;C
3173445;R
3173511;M
3173706;S
3173735;C
3173764;M
3173770;M
3173853;C
3174108;M
3174137;M
3174373;C
3174380;S
3174580;G
3174628;T
3174640;M
3174858;S
3174947;M
3174960;M
3174999;M
3175131;M
3175148;C
3175208;C
3175310;M
3175326;M
3175332;C
3175361;M
3175378;C
3175384;M
3175390;M
3175527;A
3175533;C
3175540;C
3175711;M
3175740;M
3175830;M
3175958;E
3176001;M
3176047;C
3176159;M
3176260;E
3176320;C
3176343;C
3176350;C
3176461;M
3176478;C
3176509;M
3176573;C
3176691;C
3176892;C
3176923;M
3176981;M
3177070;M
3177383;G
3177466;C
3177472;C
3177532;E
3177549;C
3177555;C
3177590;A
3177609;M
3177615;C
3177667;M
3177696;C
3177727;M
3177740;C
3177800;M
3177940;C
3177970;C
3178069;M
3178224;C
3178230;C
3178253;A
3178260;M
3178402;A
3178419;M
3178460;A
3178483;E
3178632;C
3178780;T
3178879;M
3178968;M
3179100;M
3179117;M
3179146;C
3179181;M
3179301;M
3179465;C
3179494;M
3179519;A
3179548;M
3179560;C
3179650;M
3179672;M
3179790;M
3179844;C
3179896;M
3179985;C
3179991;C
3180008;M
3180014;S
3180020;C
3180215;M
3180250;C
3180362;C
3180385;C
3180468;C
3180497;M
3180505;M
3180511;S
3180600;C
3180623;C
3180630;D
3180681;M
3180698;M
3180729;M
3180741;M
3180770;C
3180860;M
3181114;M
3181195;M
3181203;M
3181210;C
3181226;C
3181232;M
3181249;C
3181278;C
3181284;C
3181404;M
3181410;M
3181485;M
3181522;M
3181752;M
3181835;C
3181841;A
3181870;M
3182059;S
3182125;M
3182243;M
3182272;M
3182289;C
3182310;M
3182349;A
3182355;A
3182378;S
3182384;C
3182533;M
3182540;M
3182562;C
3182591;S
3182697;M
3182705;C
3182823;C
3182852;C
3182898;C
3183099;M
3183142;C
3183165;M
3183194;C
3183277;C
3183314;M
3183350;C
3183389;M
3183395;C
3183509;A
3183544;M
3183604;C
3183633;M
3183685;C
3183857;N
3183863;A
3183930;C
3183998;A
3184058;M
3184093;G
3184147;C
3184207;M
3184503;M
3184510;A
3184549;C
3184555;M
3184704;M
3184756;E
3184779;M
3184839;C
3184911;M
3184934;C
3185000;E
3185106;C
3185158;C
3185218;M
3185307;C
3185313;C
3185320;C
3185359;C
3185419;A
3185589;C
3185678;M
3185684;C
3185750;M
3185767;M
3185773;M
3185827;C
3185840;E
3185968;A
3186011;M
3186034;M
3186100;M
3186212;C
3186264;M
3186270;M
3186293;M
3186318;M
3186376;M
3186525;C
3186554;M
3186608;C
3186614;M
3186666;C
3186749;M
3186778;C
3186809;C
3186815;C
3186838;E
3186844;C
3186940;C
3187045;M
3187068;G
3187097;M
3187134;S
3187157;M
3187217;C
3187269;C
3187275;M
3187341;C
3187370;M
3187401;E
3187499;M
3187507;C
3187542;M
3187594;M
3187602;M
3187619;C
3187737;C
3187826;M
3187855;C
3187890;M
3187915;D
3187938;M
3187944;M
3187950;C
3188033;M
3188040;C
3188116;M
3188122;M
3188139;C
3188151;C
3188205;M
3188330;C
3188346;M
3188441;M
3188487;M
3188560;M
3188576;C
3188754;A
3188837;C
3189050;M
3189073;M
3189110;C
3189200;M
3189245;M
3189251;C
3189340;C
3189357;M
3189423;C
3189512;C
3189587;M
3189593;C
3189618;E
3189771;A
3189802;M
3189883;M
3189989;M
3190165;C
3190171;C
3190202;M
3190219;C
3190248;G
3190254;S
3190343;M
3190350;C
3190366;C
3190389;C
3190455;C
3190538;C
3190610;M
3190627;M
3190716;A
3190780;C
3190857;M
3190886;M
3190892;M
3190900;M
3191029;A
3191093;C
3191160;C
3191348;M
3191472;C
3191555;M
3191621;C
3191638;M
3191733;M
3191740;C
3191756;M
3191785;C
3191845;A
3191868;N
3191963;M
3191970;N
3191986;C
3191992;C
3192017;M
3192069;C
3192164;C
3192170;M
3192307;C
3192365;M
3192477;C
3192508;C
3192603;C
3192780;M
3192796;C
3192856;C
3192891;A
3192900;C
3192916;M
3193057;E
3193063;A
3193070;M
3193169;C
3193198;M
3193212;M
3193519;M
3193548;M
3193583;M
3193608;C
3193650;M
3193749;S
3193761;M
3193956;M
3194039;A
3194074;M
3194163;M
3194186;M
3194230;M
3194269;C
3194387;M
3194393;M
3194418;C
3194507;M
3194648;C
3194855;C
3194909;M
3194921;M
3194967;M
3195180;M
3195197;M
3195263;C
3195300;M
3195323;S
3195375;M
3195553;C
3195607;C
3195613;M
3195636;C
3195783;M
3195843;C
3195895;D
3195932;M
3195949;M
3195990;M
3196009;A
3196015;C
3196096;C
3196133;M
3196222;S
3196239;C
3196370;A
3196475;M
3196498;E
3196601;C
3196630;C
3196653;M
3196699;M
3196736;M
3196759;C
3196802;M
3196825;M
3196854;C
3196883;M
3196920;M
3196943;M
3197003;M
3197300;E
3197434;M
3197440;S
3197486;C
3197612;C
3197687;S
3197730;C
3197753;M
3197948;M
3198103;M
3198132;M
3198221;G
3198244;M
3198267;C
3198333;C
3198356;C
3198528;M
3198540;A
3198570;C
3198669;M
3198706;C
3198764;M
3198787;E
3198959;M
3198965;M
3198994;M
3199002;A
3199019;C
3199189;M
3199321;M
3199427;M
3199440;A
3199456;M
3199491;M
3199522;M
3199574;C
3199580;C
3199597;E
3199605;M
3199634;C
3199670;M
3199717;G
3199752;C
3199769;M
3199806;M
3199893;M
3200053;C
3200099;S
3200395;M
3200509;C
3200627;M
3200774;C
3201199;C
3201236;C
3201549;C
3201584;C
3201733;C
3201992;C
3202129;C
3202187;A
3202477;A
3202796;S
3202922;M
3203092;S
3203608;C
3203689;M
3203979;A
3204022;C
3204039;M
3204128;S
3204140;C
3204163;S
3204460;M
3204631;S
3204772;M
3204803;M
3205197;C
3205292;C
3205323;M
3205406;C
3205441;S
3205518;C
3205613;C
3205777;M
3205790;A
3205820;C
3205895;M
3206305;M
3206417;C
3206452;C
3206676;M
3206682;C
3206707;S
3206860;M
3206908;C
3206995;C
3207687;C
3207977;S
3208310;C
3208327;C
3208340;C
3208385;C
3208439;S
3208617;M
3208646;C
3208669;C
3208913;M
3209485;M
3209663;C
3209746;M
3209806;C
3209893;C
3209982;C
3210070;C
3210198;C
3210206;M
3210330;C
3210471;M
3210873;M
3210880;C
3211192;C
3211230;M
3211275;A
3211298;C
3211625;M
3211855;A
3211915;C
3212004;C
3212139;C
3212145;M
3212270;C
3212352;C
3212895;M
3213044;M
3213469;C
3213593;C
3213819;C
3214569;M
3214658;M
3215391;C
3215468;A
3215770;C
3216031;A
3216108;M
3216172;C
3216195;M
3216367;C
3216670;M
3216723;M
3217220;C
3217326;C
3217332;C
3217450;C
3217651;C
3217993;M
3218395;M
3218509;C
3218550;C
3218633;S
3219087;M
3219160;S
3219182;C
3219265;C
3219561;M
3219680;C
3219839;C
3219874;C
3220179;M
3220400;A
3220481;S
3220535;C
3220624;C
3220920;M
3221010;C
3221061;S
3221150;M
3221919;M
3222209;M
3222238;S
3222250;M
3222422;C
3222735;M
3222913;M
3222988;C
3223002;M
3223143;M
3223249;C
3223640;C
3223775;C
3223841;C
3224059;C
3224148;C
3224160;M
3224310;M
3224444;M
3225219;C
3225225;M
3225320;C
3225343;C
3225461;C
3225478;C
3225662;C
3225679;S
3225811;C
3226012;M
3226348;M
3226360;C
3226466;M
3226578;S
3226609;M
3226710;C
3226762;C
3226785;M
3226800;C
3227069;S
3227075;C
3227336;M
3227520;S
3228360;M
3228413;C
3228778;M
3228838;C
3229022;C
3229542;A
3229683;S
3229855;M
3230686;C
3230723;M
3230841;A
3230924;M
3231272;C
3231378;C
3231496;M
3231674;C
3231852;S
3232165;C
3232248;M
3232260;A
3232343;C
3232604;C
3232656;S
3232946;A
3233302;C
3233331;M
3233383;C
3233420;M
3233489;C
3233845;C
3233851;C
3234030;C
3234141;M
3234371;M
3234537;C
3234603;C
3234709;S
3235152;C
3235270;M
3235301;C
3235376;M
3235560;C
3235689;C
3235703;M
3235844;M
3236163;M
3236246;C
3236482;C
3236536;M
3236648;C
3236737;C
3236849;M
3236861;M
3237211;C
3237228;C
3237257;C
3237369;C
3237412;M
3237458;C
3237487;C
3237524;C
3237620;M
3237837;S
3238191;C
3238200;C
3238305;M
3238529;C
3238618;C
3238660;C
3238759;C
3239144;C
3239227;C
3239517;M
3239523;M
3239865;C
3239954;M
3240012;M
3240041;A
3240058;C
3240176;C
3240182;M
3240199;C
3240472;C
3240673;M
3240727;C
3241023;S
3241187;R
3241550;C
3241796;C
3242011;C
3242092;C
3242382;C
3242703;M
3243080;C
3243341;S
3243588;C
3243631;C
3243803;C
3243938;C
3244151;C
3244168;C
3244197;C
3244487;C
3244576;A
3244599;S
3244613;M
3244620;C
3244731;M
3244837;C
3244955;A
3245328;M
3245340;C
3245794;C
3245854;M
3246026;C
3246055;M
3246641;M
3246724;C
3246747;M
3246871;M
3246919;M
3246925;C
3247563;M
3247681;M
3247712;S
3247876;C
3247907;A
3248048;S
3248278;C
3248404;C
3248410;S
3248723;C
3248947;C
3249042;C
3249071;S
3249094;C
3249415;C
3249473;C
3249645;C
3249792;M
3249830;C
3250358;C
3250602;C
3250619;M
3250654;M
3250803;C
3250890;M
3251056;M
3251085;C
3251091;M
3251122;C
3251211;C
3251470;C
3251702;C
3251910;C
3252080;C
3252245;C
3252481;C
3253300;M
3253523;S
3253641;C
3253865;C
3254209;S
3254468;C
3254735;C
3254818;C
3254988;C
3255315;A
3255344;S
3255522;S
3255893;C
3256071;A
3256243;A
3256355;S
3256668;C
3256881;C
3257047;M
3257194;A
3257550;M
3257596;C
3257640;C
3257722;M
3257739;C
3257870;A
3258236;C
3258503;M
3259098;M
3259477;C
3259603;C
3259678;C
3259684;S
3259916;C
3260569;S
3261043;C
3261103;C
3261304;M
3261451;C
3261876;M
3262060;C
3262249;C
3262887;A
3262930;C
3263237;M
3263243;M
3263250;C
3263266;M
3263272;M
3263289;C
3263310;M
3263668;C
3263875;C
3263993;A
3264567;C
3264828;S
3264946;C
3265006;C
3265147;C
3265466;S
3265822;C
3265957;C
3266023;A
3266276;C
3266307;M
3266342;M
3266508;C
3266661;C
3266840;C
3267005;C
3267241;M
3267318;C
3267407;C
3267710;C
3268170;C
3268743;S
3268772;C
3269197;S
3269240;C
3269300;C
3269642;M
3270102;C
3270148;C
3270415;M
3270639;S
3270680;A
3270987;M
3271159;C
3271350;M
3271426;C
3271432;S
3271521;M
3271604;A
3271751;C
3271969;C
3272087;C
3272093;M
3272390;M
3272555;C
3273299;C
3273419;M
3273804;M
3273974;C
3274241;S
3274413;S
3274420;M
3274749;M
3275364;C
3275878;C
3275909;C
3276234;A
3276493;M
3276694;M
3277015;C
3277050;C
3277370;C
3277446;M
3277469;C
3277802;M
3277854;M
3278003;C
3278902;C
3279110;S
3279155;M
3279178;C
3279600;M
3279860;C
3280106;M
3280201;C
3280371;C
3280684;C
3280891;C
3280900;C
3281011;A
3281287;M
3281436;C
3281620;S
3281838;C
3282766;C
3282772;C
3283197;C
3283317;C
3283352;S
3283613;M
3283866;M
3283932;A
3284038;M
3284216;C
3284363;M
3284676;C
3285262;C
3285279;M
3285285;M
3285434;C
3285629;C
3285641;A
3285658;M
3285760;A
3285983;M
3286238;C
3286936;C
3286971;M
3287396;M
3287605;C
3287746;A
3287798;C
3287924;C
3288119;C
3288125;S
3288148;C
3288310;M
3288332;C
3288467;C
3288562;C
3288579;M
3288912;C
3288929;C
3289410;S
3289580;C
3289840;C
3290004;C
3290211;M
3290317;M
3290501;C
3290843;M
3290889;M
3291653;M
3292078;M
3292598;M
3292730;M
3292747;M
3292753;C
3292983;A
3293215;S
3293333;C
3293505;C
3293646;C
3294172;C
3294232;C
3294249;M
3294350;M
3294410;C
3294858;C
3295042;M
3295160;A
3295310;M
3295355;M
3295480;C
3295540;M
3295591;M
3295728;C
3296030;C
3296343;M
3296490;C
3296509;C
3296573;M
3296580;M
3297740;M
3298129;S
3298402;C
3298431;C
3298649;M
3298655;C
3298862;C
3298951;C
3299070;C
3299241;A
3299525;C
3299531;M
3299940;S
3300470;S
3301328;M
3301529;S
3301736;M
3301908;S
3302492;M
3302925;M
3303445;M
3303735;M
3303971;M
3304137;M
3304440;M
3304870;M
3304924;M
3305125;M
3305390;M
3305817;M
3306047;S
3306231;M
3306320;M
3306372;M
3306449;M
3306515;M
3306538;M
3306627;M
3306923;M
3307182;M
3307621;M
3308069;M
3308307;M
3308365;M
3308508;M
3308810;M
3309070;M
3309761;M
3309809;M
3310178;M
3310698;M
3310899;M
3310907;S
3311083;C
3312355;M
3312361;M
3312504;M
3312697;M
3313372;M
3314673;M
3314839;M
3314992;M
3315425;M
3315738;S
3315773;M
3315833;M
3315980;M
3316258;M
3316376;M
3316554;M
3316560;M
3316583;M
3316784;M
3317559;S
3317648;M
3317861;M
3317890;M
3317980;M
3318091;M
3318151;C
3318286;M
3318458;M
3318688;M
3319535;M
3319630;M
3319950;M
3320107;M
3320395;M
3320544;M
3320840;M
3321070;M
3321124;M
3321526;M
3321940;M
3322402;M
3322454;M
3322537;M
3322566;M
3322827;M
3323175;M
3323347;M
3323502;M
3324022;M
3324358;S
3324387;M
3324625;M
3324631;M
3324766;M
3325056;M
3325085;M
3325620;M
3326044;M
3326340;M
3326498;M
3326802;M
3326937;M
3327530;M
3327569;M
3327730;S
3328149;M
3328391;M
3328818;M
3329433;M
3329775;M
3330005;M
3330821;M
3331111;M
3331163;M
3331252;M
3331358;M
3331884;S
3331915;M
3332056;M
3332139;M
3332464;M
3332576;S
3332636;M
3332808;M
3333073;C
3333104;M
3333601;M
3333883;M
3334144;M
3334210;M
3334523;M
3334871;M
3335273;S
3335675;M
3336189;M
3336479;M
3336574;S
3337007;M
3337220;M
3337705;S
3337852;M
3338308;M
3338521;M
3338685;M
3338774;C
3338797;M
3338857;M
3338870;M
3339070;M
3340417;M
3340469;M
3340877;M
3340890;M
3341256;S
3341428;M
3341598;M
3341865;M
3341960;M
3342161;M
3342534;M
3342669;M
3342907;M
3343232;M
3343545;M
3343574;M
3344020;M
3344119;M
3344409;M
3344830;M
3345099;M
3345248;M
3345343;M
3345573;M
3345774;M
3345870;S
3346006;M
3346325;M
3346727;M
3346940;C
3347900;M
3348086;M
3348502;M
3348689;M
3348755;M
3348867;M
3348962;M
3349128;M
3349192;M
3349482;M
3349571;M
3350166;M
3350249;M
3350278;M
3350338;M
3350344;M
3350752;M
3350930;M
3350976;M
3351036;M
3351540;M
3351786;M
3351792;M
3352219;M
3352596;M
3352774;M
3353414;M
3353532;M
3353762;S
3353800;M
3353911;M
3354187;M
3354767;M
3354862;M
3355293;M
3355778;M
3355809;M
3355940;M
3356134;M
3356996;M
3357100;M
3357381;M
3357783;M
3358200;M
3359500;M
3360578;M
3361454;M
3361715;M
3361862;M
3362063;M
3362376;M
3362502;M
3362531;M
3362784;M
3362809;M
3363252;C
3363401;M
3363447;M
3363513;M
3363737;M
3364263;M
3364990;M
3365280;M
3365713;M
3366279;M
3366440;M
3367244;C
3367400;M
3367936;M
3368189;M
3368309;M
3368700;M
3369125;M
3369154;M
3369272;M
3369697;M
3369846;M
3370000;M
3370016;M
3370269;M
3370335;M
3370909;M
3370996;M
3371636;M
3372021;M
3372506;M
3372564;M
3372713;M
3372989;M
3373500;M
3373954;M
3374178;M
3374474;M
3374646;M
3375120;M
3375210;M
3375634;M
3375798;M
3375976;M
3376444;M
3376711;M
3377142;M
3377283;M
3377490;M
3377604;M
3377969;M
3378035;S
3378360;M
3378555;M
3378584;S
3378851;M
3379276;M
3379632;M
3379773;S
3379879;M
3379885;M
3380233;M
3380569;M
3380931;M
3381600;M
3381617;M
3382835;M
3383102;M
3383361;M
3383384;M
3383533;M
3384136;M
3384159;M
3384449;M
3384573;M
3384811;M
3385443;M
3385526;S
3386052;M
3386218;M
3387790;M
3387809;M
3387867;M
3388039;M
3388045;S
3388068;M
3388944;S
3389725;M
3389955;M
3389961;S
3390020;M
3390935;M
3391700;M
3392590;M
3393359;M
3393460;M
3393690;M
3394034;C
3394353;M
3394519;M
3394979;M
3395341;M
3395855;M
3396062;M
3396168;M
3396441;M
3396932;S
3397080;M
3397133;M
3397469;M
3397593;C
3398517;M
3399480;M
3399818;M
3400177;N
3400326;C
3400473;N
3400622;C
3400728;R
3400792;C
3400817;C
3400869;S
3400898;C
3401188;S
3401277;S
3401308;C
3401455;C
3401515;S
3401521;S
3401739;C
3401780;C
3401900;C
3402041;C
3402087;C
3402271;C
3402443;C
3402450;C
3402466;T
3402472;N
3402756;N
3402762;C
3402779;N
3402800;C
3402992;N
3403299;S
3403359;R
3403365;C
3403431;C
3403750;C
3403804;C
3403810;N
3403997;C
3404353;N
3404465;C
3404502;C
3404608;S
3404815;N
3405105;C
3405134;N
3405565;C
3405789;C
3406412;N
3406458;C
3406725;N
3407073;C
3407096;C
3407216;C
3407430;C
3407475;C
3407481;G
3407676;C
3407713;C
3407765;G
3408121;S
3408380;S
3408397;C
3408428;N
3408693;C
3408760;C
3408836;C
3408842;C
3409089;C
3409356;C
3409563;R
3409735;C
3409787;C
3409876;C
3409920;C
3410075;N
3410193;C
3410218;N
3410359;C
3410388;C
3410460;C
3410483;C
3410684;C
3411212;C
3411353;C
3411761;N
3411838;C
3412163;C
3412312;N
3412358;C
3412370;C
3412625;C
3412826;S
3413079;C
3413240;N
3413381;C
3413582;C
3413620;C
3413910;C
3414357;R
3414400;C
3414506;C
3414541;C
3414618;C
3414860;C
3415032;C
3415049;C
3415345;S
3415351;C
3415368;S
3415546;C
3415575;C
3415894;C
3415919;C
3415960;S
3416037;C
3416066;N
3416095;S
3416238;C
3416340;C
3416563;C
3416669;C
3416681;C
3417048;N
3417054;C
3417077;N
3417427;C
3417580;S
3417605;C
3418384;S
3418817;C
3418823;C
3419099;C
3419136;C
3419389;N
3419461;G
3419515;S
3419580;R
3419610;C
3419722;C
3419774;C
3419805;C
3419870;C
3419892;S
3420056;N
3420062;N
3420205;C
3420228;C
3420731;C
3420850;S
3420889;C
3420895;R
3420903;N
3420910;N
3421009;C
3421297;C
3421417;S
3421469;C
3421848;C
3421908;C
3422084;N
3422167;T
3422256;N
3422486;C
3422629;C
3422641;C
3422730;N
3423089;S
3423149;C
3423155;N
3423161;G
3423273;C
3423379;C
3423787;C
3423830;C
3424108;C
3424210;N
3424427;C
3424433;N
3424462;C
3424781;C
3424835;C
3424841;C
3425183;C
3425220;C
3425817;C
3426165;S
3426219;C
3426538;C
3426550;C
3426573;C
3426739;C
3426805;N
3426892;C
3426981;N
3427182;C
3427199;C
3427437;N
3427450;C
3427621;C
3427822;C
3427851;N
3427986;C
3428193;C
3428359;N
3428371;S
3428690;C
3428773;N
3428833;N
3428900;C
3429086;R
3429318;C
3429360;H
3429519;C
3429643;G
3429821;C
3429962;C
3429979;G
3430126;C
3430280;C
3430362;C
3430511;H
3430586;C
3430592;C
3430630;C
3430899;S
3431315;C
3431491;C
3431723;C
3431730;N
3431864;C
3431947;N
3432065;C
3432119;C
3432579;G
3432993;N
3433314;C
3433461;C
3433478;S
3433515;C
3433604;N
3433834;N
3433840;C
3433857;M
3433900;C
3434220;C
3434302;S
3434420;C
3434437;N
3434532;C
3434584;C
3434609;S
3434615;C
3435017;C
3435106;S
3435388;C
3435649;N
3436123;S
3436293;S
3436548;C
3436749;N
3436896;C
3436910;N
3436956;C
3437157;H
3437312;C
3437358;N
3437447;C
3437460;C
3437476;N
3437571;C
3437849;N
3437909;S
3437980;C
3438174;N
3438197;C
3438429;C
3438458;R
3438530;C
3438702;N
3438783;C
3439044;S
3439110;C
3439179;C
3439340;C
3439564;C
3439618;C
3439742;N
3439890;N
3439972;C
3440679;C
3440863;C
3440969;C
3441041;C
3441130;N
3441414;N
3441845;G
3441940;C
3442106;N
3442260;C
3442276;C
3442299;G
3442483;C
3442684;C
3442750;C
3442951;R
3442997;C
3443212;S
3443353;N
3443755;C
3443896;C
3444068;C
3444105;C
3444163;S
3444200;C
3444246;C
3444269;S
3444329;C
3444364;C
3444536;C
3444766;C
3444772;N
3444789;N
3444890;N
3444938;C
3445122;C
3445270;N
3445286;S
3445688;C
3445984;C
3446110;C
3446570;N
3446713;C
3446720;S
3446771;T
3446890;C
3447084;C
3447150;C
3447411;C
3447530;C
3447629;C
3447776;C
3447925;C
3448089;C
3448103;C
3448617;C
3449002;C
3449166;C
3449605;N
3449657;C
3449835;S
3449841;C
3449858;C
3450175;C
3450206;S
3450614;C
3450749;C
3450904;S
3451134;N
3451163;N
3451192;S
3451275;N
3451424;C
3451499;C
3451513;C
3451654;C
3451714;C
3451810;C
3451855;C
3451878;N
3451938;N
3451973;C
3452412;C
3452553;C
3452576;N
3452694;A
3452910;C
3452926;A
3452961;N
3453133;C
3453297;S
3453357;S
3453417;N
3453570;C
3453802;N
3453943;C
3454144;C
3454196;C
3454227;C
3454233;C
3454457;N
3454463;G
3454546;C
3454641;C
3454931;C
3454977;C
3455103;H
3455209;C
3455215;N
3455221;R
3455296;C
3455511;N
3455534;C
3455600;C
3456019;N
3456189;N
3456367;N
3456396;C
3456628;C
3456976;N
3457102;C
3457125;C
3457421;C
3457480;C
3457510;C
3458024;S
3458314;N
3458403;C
3458797;S
3458840;N
3459160;R
3459242;C
3459271;S
3459354;C
3459377;C
3459414;C
3459644;C
3460073;C
3460245;C
3460498;C
3460676;R
3460736;N
3461026;T
3461322;G
3461351;C
3461724;N
3462155;S
3462468;G
3462824;N
3463048;T
3463166;C
3463373;N
3463686;S
3464421;C
3464579;C
3465260;C
3465627;G
3465946;G
3466495;C
3466532;N
3467030;C
3467098;C
3467129;N
3467164;C
3467342;C
3468301;C
3468608;N
3469016;C
3469170;C
3469269;C
3469648;G
3469720;G
3470054;S
3470189;C
3470485;N
3470812;C
3471148;S
3471237;C
3471349;S
3471355;C
3471450;C
3471480;C
3471585;S
3471600;S
3471770;C
3471970;C
3471993;N
3472308;C
3472320;N
3472604;N
3472685;C
3472716;C
3472863;C
3473118;C
3473288;C
3473294;C
3473302;C
3473680;C
3473791;S
3473800;C
3473940;S
3474075;M
3474106;C
3474164;C
3474253;C
3474655;S
3474804;N
3475287;C
3475436;C
3475608;R
3475732;C
3475749;C
3476430;C
3476559;N
3476594;C
3476720;C
3476921;C
3477122;C
3477240;C
3477292;C
3477300;N
3477406;C
3477412;C
3477814;N
3477866;C
3477872;S
3478179;C
3478200;C
3478280;C
3478392;C
3478660;C
3478848;N
3478854;C
3478908;C
3478914;N
3478950;S
3479115;N
3479167;C
3479256;C
3479322;C
3479807;N
3479948;C
3480294;N
3480578;C
3480897;C
3480934;C
3481307;C
3481483;C
3481566;C
3481661;C
3482152;C
3482181;N
3482229;N
3482301;C
3482614;N
3482790;C
3482809;S
3482910;C
3482927;N
3483134;C
3483453;C
3483714;C
3483810;C
3483826;C
3483890;C
3484085;C
3484257;C
3484613;C
3484754;C
3484843;C
3485446;N
3485660;C
3485825;C
3485831;C
3485937;S
3485950;S
3486167;S
3486196;G
3486374;C
3486434;C
3486612;N
3486799;C
3486865;C
3487066;C
3487422;N
3487557;N
3487847;N
3488143;C
3488203;N
3488232;C
3488410;C
3488663;C
3488775;C
3488864;C
3488901;C
3488918;C
3489007;C
3489119;N
3489740;C
3489875;C
3489906;C
3490022;N
3490051;C
3490223;G
3490513;C
3490594;G
3490884;G
3490973;C
3491040;N
3491091;C
3491636;C
3491754;C
3491978;C
3492044;N
3492104;C
3492140;N
3492239;C
3492423;C
3492475;C
3492564;C
3492736;C
3492759;C
3492794;C
3492920;N
3493084;N
3494020;C
3494066;C
3494215;S
3494333;N
3494400;N
3494445;C
3494959;C
3494965;S
3495090;C
3495440;C
3495462;N
3495545;C
3495605;N
3495775;C
3495870;G
3495924;C
3495976;C
3496125;C
3496237;C
3496310;G
3496409;C
3497165;N
3497449;C
3497544;S
3497596;C
3497917;R
3498058;C
3498101;C
3498182;N
3498561;C
3498822;C
3498851;N
3498986;C
3499030;C
3499282;C
3499359;N
3499589;S
3499780;C
4101353;K
4101821;K
4101956;K
4106296;K
4107723;K
4108190;K
4111854;K
4113391;K
4113920;K
4116165;K
4118193;K
4119643;K
4122250;K
4122473;K
4122600;K
4122757;K
4123627;K
4124331;K
4124680;K
4128441;K
4130136;K
4134364;K
4142530;K
4144173;K
4147668;K
4152847;K
4154830;K
4156928;K
4159170;K
4159619;K
4164566;K
4168966;K
4169492;K
4169670;K
4174323;K
4179540;K
4181576;K
4183434;K
4183859;K
4184899;K
4192278;K
4194159;K
4195615;K
4200960;K
4201787;K
4209524;K
4221666;K
4222803;K
4227380;K
4233570;K
4234249;K
4239360;K
4239838;K
4242935;K
4244265;K
4248790;K
4252158;K
4252684;K
4252810;K
4255116;K
4260169;K
4261051;K
4263950;K
4264760;K
4268900;K
4269615;K
4271078;K
4271233;K
4276561;K
4278212;K
4278755;K
4280002;K
4280670;K
4284879;K
4296859;K
4300348;K
4302152;K
4307824;K
4307994;K
4308597;K
4309415;K
4309674;K
4313760;K
4314853;K
4321630;K
4324739;K
4325302;K
4326431;K
4327382;K
4328542;K
4329040;K
4329330;K
4329582;K
4330036;K
4331024;K
4339681;K
4342654;K
4348622;K
4349142;K
4351162;K
4353586;K
4357319;K
4359293;K
4360215;K
4370886;K
4371408;K
4371555;K
4371704;K
4371791;K
4375116;K
4375613;K
4376386;K
4379114;K
4380637;K
4385787;K
4389845;K
4390162;K
4396035;K
5102722;C
5107323;N
5109612;N
5112324;N
5113565;N
5119504;N
5131178;N
5131630;N
5139719;N
5141194;N
5147771;N
5148440;N
5154191;N
5154305;N
5159165;N
5160330;N
5165941;C
5167526;N
5171203;N
5174561;N
5175862;N
5184938;N
5188735;N
5189700;C
5191750;N
5192501;N
5205617;C
5206663;C
5208260;C
5213143;C
5214450;C
5218318;C
5219111;C
5220500;C
5222870;C
5227777;C
5233157;C
5233335;C
5234240;C
5235021;C
5243374;C
5247202;C
5253987;C
5267618;C
5271206;C
5283586;C
5285504;C
5287319;C
5294443;C
5298777;C
5302734;A
5314128;M
5326545;A
5338933;A
5344490;A
5356180;A
5357741;A
5363144;A
5363888;A
5442168;A
5515795;G
6110014;A
6110020;A
6110037;A
6110043;N
6110050;A
6110066;A
6110072;H
6110089;H
6110095;N
6110103;H
6110110;A
6110126;A
6110132;A
6110149;H
6110155;A
6110161;A
6110178;A
6110184;A
6110190;A
6110209;A
6110215;G
6110221;G
6110238;G
6110244;G
6110250;G
6110267;G
6110273;A
6110280;A
6110296;A
6110304;A
6110310;A
6110327;A
6110333;A
6110340;A
6110356;A
6110362;A
6110379;A
6110385;A
6110391;O
6110400;O
6110416;A
6110422;A
6110439;A
6110445;A
6110451;A
6110468;O
6110474;A
6110480;H
6110497;A
6110505;A
6110511;A
6110528;G
6110534;G
6110540;A
6110557;N
6110563;H
6110570;O
6110586;N
6110592;R
6110600;R
6110617;A
6110623;A
6110630;A
6110646;G
6110652;R
6110669;R
6110675;A
6110681;R
6110698;O
6110706;A
6110712;A
6110729;A
6110735;A
6110741;A
6110758;A
6110764;A
6110770;A
6110787;A
6110793;A
6110801;A
6110818;H
6110824;H
6110830;H
6110847;H
6110853;A
6110860;A
6110876;G
6110882;G
6110899;G
6110913;R
6110920;G
6110936;G
6110942;G
6110959;A
6110965;A
6110971;A
6110988;A
6110994;A
6111002;A
6111019;A
6111025;A
6111031;A
6111048;H
6111054;O
6111060;O
6111077;R
6111083;R
6111090;R
6111108;R
6111114;G
6111120;A
6111137;A
6111143;O
6111150;O
6111172;O
6111189;A
6111195;A
6111203;O
6111210;A
6111226;A
6111232;O
6111249;A
6111255;A
6111261;A
6111278;O
6111284;A
6111290;A
6111309;A
6111315;A
6111338;A
6111344;A
6111350;H
6111367;H
6111373;H
6111380;H
6111404;A
6111410;O
6111427;A
6111433;O
6111440;N
6111456;N
6111462;A
6111479;G
6111485;R
6111491;R
6111500;A
6111516;A
6111717;H
6111723;H
6111730;H
6111746;O
6111752;H
6111769;H
6111781;O
6111806;O
6112125;H
6112154;H
6112183;H
6112190;H
6112214;H
6112220;H
6112237;H
6112243;H
6112250;H
6112639;H
6112680;N
6112705;N
6112734;D
6112740;H
6112757;A
6112852;N
6112898;H
6112912;H
6112935;H
6112964;H
6112993;G
6113219;H
6113225;H
6113231;H
6113395;H
6113403;H
6113426;H
6113432;H
6113449;H
6113455;H
6113461;H
6113478;H
6113490;H
6113656;O
6113662;O
6113679;O
6113716;O
6113722;O
6113739;O
6113751;O
6114035;O
6114489;A
6114710;H
6115365;R
6115419;A
6115508;H
6115514;H
6115520;H
6115537;H
6115543;H
6115550;H
6115566;H
6116620;H
6116637;H
6117157;N
6117217;N
6117329;N
6117370;N
6117393;G
6118458;G
6118613;A
6118978;A
6119015;A
6119245;H
6120343;A
6120403;A
6120426;A
6120449;A
6120461;A
6121650;O
6122000;A
6122023;A
6122626;A
6122649;A
6123979;O
6123985;O
6124000;O
6124016;O
6124022;O
6124039;O
6124045;O
6124051;O
6124068;O
6124074;O
6124134;R
6124341;H
6124594;H
6124602;H
6124619;H
6124625;H
6124631;H
6126191;A
6126653;R
6126660;R
6126676;R
6126819;H
6126890;H
6126920;H
6126937;H
6126966;H
6126972;H
6126989;H
6127010;H
6127167;A
6127523;A
6129479;G
6129485;A
6129491;A
6129500;A
6129539;G
6129864;O
6129870;O
6129982;A
6131097;G
6131588;H
6131594;H
6131602;H
6131619;H
6132240;A
6132292;A
6132599;A
6132607;O
6132613;A
6132620;R
6132636;R
6133067;H
6133245;A
6133251;A
6133682;G
6134569;A
6134612;H
6134629;H
6134687;A
6134693;A
6134701;A
6134718;A
6134724;A
6134747;A
6134753;A
6134776;A
6134799;A
6134813;A
6135149;A
6135184;A
6135209;A
6135221;A
6135244;A
6135273;A
6135296;A
6135304;A
6135327;A
6135333;A
6135853;A
6135860;A
6135876;A
6135882;A
6135899;A
6135907;A
6135913;A
6135920;A
6135936;A
6135988;A
6135994;A
6136031;A
6136048;A
6136060;A
6136083;A
6136108;A
6136114;A
6136120;A
6136137;A
6136150;A
6136210;A
6136278;A
6136284;A
6136290;A
6136309;A
6136321;A
6136338;A
6136433;A
6136500;O
6137214;A
6137645;R
6137674;R
6137680;R
6137705;R
6137740;O
6137757;A
6137770;A
6137929;A
6137935;A
6137941;A
6137958;A
6137964;A
6137970;A
6137987;A
6137993;A
6138001;A
6138018;A
6138024;A
6138030;A
6138410;G
6138550;G
6138567;A
6138679;A
6138685;A
6138797;A
6138834;A
6138840;A
6139578;O
6140363;R
6140386;R
6141262;N
6141291;O
6141322;O
6141368;O
6141693;A
6141730;R
6141753;R
6141782;A
6142190;N
6142221;S
6142988;G
6143048;O
6143060;O
6143284;A
6143427;H
6143746;A
6143769;A
6144059;A
6144183;A
6144906;O
6145426;D
6145610;A
6145780;A
6146288;A
6146294;A
6146348;A
6146466;A
6146472;A
6146489;A
6146495;A
6146503;A
6146510;A
6146526;A
6146532;A
6146549;A
6146555;A
6146578;A
6147320;A
6147336;A
6148117;A
6148130;H
6148146;G
6148152;G
6148169;H
6148212;S
6148407;A
6148488;A
6148494;A
6148502;A
6148650;A
6148672;A
6148689;A
6148695;A
6148703;R
6148710;R
6148726;H
6149097;O
6149306;R
6149312;R
6150226;H
6150232;H
6150261;A
6150663;A
6150686;A
6150700;A
6152739;A
6152811;A
6152828;A
6153087;A
6153153;A
6153160;A
6153176;A
6153213;A
6153578;O
6153710;O
6153992;O
6154359;A
6154365;A
6154543;R
6154916;A
6154922;A
6154939;A
6154945;A
6154968;A
6154974;A
6154997;A
6155005;A
6155293;H
6155519;H
6155637;O
6156393;G
6156401;G
6156418;G
6156424;G
6156430;G
6156447;G
6156453;G
6156460;A
6156476;A
6156482;A
6156499;A
6156507;A
6156513;A
6156520;A
6156536;A
6156542;A
6157056;A
6157062;A
6157079;A
6157085;A
6157091;A
6157100;A
6157116;G
6157122;A
6157139;G
6157197;R
6157263;H
6157518;O
6157895;A
6158162;A
6158334;A
6158340;A
6158400;A
6158452;A
6158469;A
6158481;A
6158498;A
6158564;A
6158587;A
6158601;A
6158682;A
6158819;A
6158848;G
6158860;G
6158937;A
6158966;G
6159285;A
6159300;G
6159316;A
6159322;A
6159345;G
6159351;G
6159813;A
6160704;O
6160905;O
6161075;H
6161129;G
6161135;G
6161141;G
6161158;G
6161164;G
6161170;G
6161187;G
6161193;G
6161218;G
6161224;G
6161247;G
6161253;G
6161260;G
6161276;G
6161282;A
6161299;A
6161342;G
6161359;G
6161744;G
6161773;G
6161827;G
6161862;G
6161922;A
6161939;A
6161945;G
6161951;G
6161968;G
6161974;G
6161980;G
6161997;A
6162005;A
6162011;A
6162028;G
6162034;A
6162040;A
6162057;A
6162063;A
6162070;A
6162086;A
6162092;A
6162100;A
6162123;G
6162130;G
6162146;G
6162169;A
6162175;G
6162181;G
6162198;G
6162206;A
6162212;A
6162436;H
6162442;H
6162459;H
6162465;H
6162560;A
6162695;A
6162726;A
6163677;A
6163683;A
6163690;A
6163708;G
6163714;G
6163720;G
6163737;G
6163743;A
6163750;A
6163766;A
6163772;A
6163789;A
6163795;A
6163803;A
6163810;A
6163826;A
6163855;A
6163861;A
6163950;A
6164010;A
6164033;A
6164079;A
6164091;A
6164547;A
6164553;A
6164560;A
6164576;A
6164599;A
6164607;G
6164620;G
6164642;A
6164659;G
6164665;G
6164671;A
6164719;G
6164814;A
6164850;A
6165009;A
6165015;A
6165038;A
6165080;A
6165133;A
6165430;G
6165535;A
6165759;R
6165966;A
6166061;A
6166078;A
6166109;H
6166115;H
6166121;H
6166138;H
6166144;A
6166150;H
6166167;H
6166581;A
6166598;A
6166606;A
6166641;A
6166658;A
6166664;A
6166670;A
6166687;A
6166693;A
6166701;A
6166718;A
6166724;A
6166730;H
6166820;A
6167126;A
6167132;A
6167149;A
6167155;A
6167161;A
6167178;A
6168195;O
6168210;A
6168315;A
6168433;A
6168440;A
6168775;A
6168858;A
6168864;A
6168870;A
6168918;A
6168924;A
6168930;A
6168947;A
6168953;A
6168976;A
6168982;A
6168999;A
6169007;A
6169013;A
6169020;A
6169036;A
6169042;A
6169065;A
6169119;A
6169131;A
6169148;A
6169154;A
6169160;A
6169177;A
6169214;A
6169220;A
6169237;A
6169243;A
6169250;A
6169303;H
6169310;H
6169763;H
6169823;A
6169958;A
6169964;A
6169987;A
6170476;O
6170482;A
6170513;A
6170520;A
6170559;A
6170588;A
6170619;A
6170625;A
6170648;A
6170654;A
6170683;A
6170690;A
6171286;O
6171607;A
6171613;A
6171783;R
6171790;R
6171808;R
6171814;R
6171820;A
6171850;A
6172200;A
6172216;A
6172222;A
6172239;A
6172430;A
6172446;A
6172452;A
6172469;A
6172475;A
6172481;A
6172498;A
6172506;A
6172512;A
6172819;G
6172908;A
6172943;A
6172950;A
6172966;A
6172972;A
6172989;R
6173010;R
6173055;R
6173061;R
6173090;A
6173109;A
6173115;A
6173121;A
6173138;A
6173144;A
6173150;A
6173167;A
6173173;A
6173180;A
6173196;A
6173204;A
6173210;A
6173227;A
6173233;A
6173240;A
6173256;A
6173262;A
6173279;A
6173285;A
6173291;A
6173300;A
6173316;A
6173322;A
6173440;O
6173658;A
6173670;A
6173925;O
6174126;A
6174132;A
6174149;A
6174155;A
6174161;A
6174178;A
6174184;A
6174190;A
6174209;A
6174215;A
6174221;A
6174304;A
6174340;G
6174379;G
6174385;G
6174391;A
6174400;A
6174422;A
6174439;A
6174445;A
6174706;A
6174735;H
6174741;H
6174758;H
6174764;G
6174801;A
6174824;A
6174830;A
6174847;A
6174882;S
6174913;A
6174920;A
6174936;A
6174942;A
6174959;A
6174965;A
6174971;A
6174988;A
6174994;A
6175002;A
6175019;A
6175025;A
6175031;A
6175048;A
6175054;A
6175060;A
6175077;A
6175083;A
6175090;A
6175108;A
6175114;A
6175120;A
6175137;A
6175189;G
6175195;G
6175203;A
6175210;A
6175226;G
6175232;G
6175611;A
6175628;A
6175634;A
6175670;A
6175692;A
6175700;A
6175717;A
6175723;A
6175798;O
6175918;A
6175924;A
6176007;A
6176065;A
6176160;A
6176208;H
6176674;A
6176770;A
6176786;A
6176792;A
6176800;A
6176817;A
6176823;A
6176830;A
6176846;A
6176852;A
6176869;A
6177030;A
6177047;G
6177053;A
6177060;A
6177076;G
6177082;A
6177099;A
6177107;A
6177113;A
6177314;G
6177320;G
6177337;G
6177343;G
6177350;G
6177366;G
6177389;G
6177403;G
6177426;G
6177432;G
6177449;A
6177478;G
6177484;G
6177567;A
6177640;H
6177656;H
6177662;H
6177679;H
6177685;H
6177691;H
6178420;A
6178437;A
6178609;A
6178963;H
6178970;A
6178986;A
6178992;H
6179112;O
6179129;A
6179595;H
6179632;O
6180925;G
6180931;G
6181089;A
6181095;G
6181103;G
6181110;G
6181215;A
6183071;N
6183154;O
6183183;O
6183220;O
6183310;O
6183668;G
6184165;G
6184604;H
6184610;A
6184627;A
6184633;H
6184640;H
6184662;H
6184679;H
6184685;H
6184691;H
6184700;A
6184716;A
6184722;A
6184739;A
6184745;A
6184751;A
6184768;A
6184774;A
6184780;A
6184797;A
6184828;A
6184840;G
6184857;G
6184863;A
6184870;H
6184886;S
6184892;H
6184900;H
6184917;A
6184923;A
6184930;A
6184946;A
6184952;A
6184969;A
6184975;A
6184981;A
6184998;A
6185006;A
6185012;A
6185029;A
6185035;A
6185058;A
6185064;A
6185070;H
6185087;H
6185093;H
6185101;H
6185118;H
6185124;H
6185130;G
6185153;G
6185160;A
6185176;G
6185182;G
6185199;G
6185207;H
6185213;H
6185220;A
6185236;A
6185242;A
6185259;A
6185265;A
6185271;A
6185288;A
6185294;A
6185302;A
6185319;A
6185325;A
6185331;A
6185348;A
6185354;A
6185360;A
6185377;A
6185383;A
6185390;A
6185414;H
6185420;H
6185443;H
6185450;H
6185466;H
6185472;H
6185495;H
6185503;H
6185510;H
6185526;H
6185532;H
6185549;H
6185555;H
6185561;H
6185584;R
6185590;R
6185609;R
6185615;R
6185621;G
6185638;G
6185644;G
6185650;G
6185667;G
6185673;G
6185696;N
6185704;A
6185710;A
6185733;A
6185740;A
6185756;A
6185779;A
6185800;N
6185816;N
6185822;N
6185839;N
6185845;G
6185851;G
6185970;A
6185986;A
6185992;A
6186000;A
6186017;A
6186023;A
6186030;A
6186046;A
6186052;A
6186069;A
6186075;A
6186081;A
6186098;G
6186106;G
6186112;G
6186129;G
6186135;G
6186141;G
6186158;D
6186164;A
6186170;A
6186187;A
6186193;A
6186201;A
6186218;A
6186224;H
6186230;H
6186247;H
6186253;H
6186260;H
6186276;H
6186282;H
6186299;H
6186307;H
6186313;H
6186320;A
6186336;A
6186342;R
6186359;R
6186365;G
6186371;G
6186388;G
6186394;G
6186402;A
6186419;A
6186425;A
6186431;A
6186448;H
6186460;O
6186477;O
6186483;A
6186490;A
6186508;A
6186514;A
6186520;A
6186537;A
6186550;A
6186566;G
6186572;G
6186589;A
6186595;A
6186603;A
6186610;G
6186626;G
6186649;G
6186655;G
6186661;G
6187005;A
6187011;R
6187028;A
6187034;A
6187040;A
6187057;A
6187063;A
6187070;A
6187086;A
6187092;A
6187100;A
6187117;G
6187123;G
6187130;G
6187146;G
6187152;O
6187169;G
6187175;A
6187181;H
6187198;A
6187206;A
6187212;A
6187241;G
6187264;H
6187270;H
6187287;H
6187293;H
6187301;A
6187318;O
6187324;A
6187330;A
6187347;A
6187353;A
6187360;A
6187376;G
6187382;A
6187399;A
6187407;A
6187413;A
6187420;A
6187436;A
6187442;A
6187465;G
6187471;A
6187488;G
6187494;A
6187502;G
6187519;A
6187525;H
6187531;A
6187554;O
6187560;G
6187577;G
6187583;G
6187590;H
6187608;R
6187614;R
6187620;R
6187637;O
6187643;O
6187650;N
6187666;N
6187672;A
6187689;A
6187749;G
6187755;G
6187784;N
6187809;G
6187815;G
6187821;G
6187844;G
6187850;G
6187867;G
6187880;G
6187896;G
6187910;G
6187927;A
6187933;D
6187940;A
6187956;A
6187962;A
6187979;A
6187985;A
6187991;A
6188000;A
6188016;A
6188022;A
6188039;A
6188045;A
6188051;H
6188068;H
6188074;H
6188080;H
6188097;H
6188105;H
6188111;R
6188128;R
6188134;R
6188140;G
6188157;G
6188163;G
6188170;G
6188186;G
6188192;G
6188200;A
6188217;G
6188223;H
6188230;G
6188246;O
6188252;G
6188269;G
6188275;A
6188281;A
6188298;A
6188306;A
6188312;A
6188329;H
6188335;G
6188364;N
6188370;R
6188387;R
6188401;A
6188430;A
6188447;A
6188453;A
6188460;A
6188476;A
6188482;A
6188499;H
6188513;G
6188520;G
6188536;G
6188542;O
6188571;A
6188588;N
6188594;A
6188602;A
6188619;A
6188625;A
6188631;G
6188654;O
6188660;A
6188677;G
6188683;A
6188690;H
6188708;A
6188720;G
6188743;A
6188772;G
6188789;G
6188810;G
6188826;H
6188832;A
6188849;A
6188855;G
6188861;A
6188878;A
6188884;A
6188890;A
6188909;A
6188915;A
6188921;A
6188938;A
6188944;G
6188973;A
6188980;A
6188996;G
6189004;G
6189040;A
6189056;A
6189062;A
6189085;H
6192762;H
6192791;H
6194293;A
6194940;H
6197357;H
6198463;A
6199617;A
6210017;K
6210023;K
6210030;K
6210046;K
6210052;K
6210069;K
6210075;K
6210081;K
6210098;K
6210106;K
6210112;K
6210129;K
6210135;K
6210141;K
6210158;K
6210164;T
6210170;T
6210187;T
6210193;K
6210201;K
6210218;K
6210224;E
6210230;E
6210247;E
6210253;E
6210260;T
6210276;T
6210282;K
6210299;K
6210307;K
6210313;E
6210320;K
6210336;K
6210342;K
6210359;K
6210365;K
6210371;K
6210388;K
6210394;T
6210402;K
6210419;K
6210425;K
6210431;K
6210448;K
6210454;K
6210477;E
6210483;K
6210490;K
6210508;K
6210514;E
6210520;E
6210537;E
6210543;E
6210550;E
6210566;E
6210572;E
6210589;E
6210595;T
6210603;K
6210610;K
6210626;K
6210632;K
6210649;K
6210655;K
6210661;K
6210678;K
6210684;K
6210690;K
6210709;K
6210715;K
6210721;E
6210738;K
6210744;K
6210750;K
6210767;T
6210773;E
6210780;E
6210796;E
6210804;E
6210810;E
6210827;E
6210833;E
6210840;E
6210856;K
6210862;E
6210879;E
6210885;E
6210891;E
6210900;E
6210916;E
6210922;K
6210939;E
6210945;K
6210951;T
6210968;E
6210974;E
6210980;E
6210997;K
6211005;K
6211011;K
6211028;K
6211034;K
6211040;E
6211057;E
6211063;E
6211070;E
6211086;E
6211092;K
6211100;E
6211117;E
6211123;K
6211146;E
6211152;E
6211169;K
6211175;E
6211181;E
6211198;E
6211206;K
6211212;E
6211229;K
6211235;K
6211241;K
6211258;K
6211264;K
6211270;K
6211287;K
6211293;E
6211318;E
6211324;E
6211330;E
6211347;E
6211353;K
6211360;K
6211376;E
6211382;K
6211399;K
6211407;T
6211413;T
6211420;E
6211436;E
6211442;E
6211459;E
6211465;E
6211471;K
6211494;K
6211502;K
6211519;K
6211525;K
6211531;K
6211548;E
6211554;E
6211560;E
6211577;K
6211583;K
6211590;K
6211608;K
6211614;K
6211620;K
6211637;T
6211873;K
6212016;E
6212298;T
6213777;K
6214162;K
6215233;K
6216646;E
6217611;E
6217812;E
6218869;K
6219478;K
6222492;T
6222523;K
6222552;K
6222581;K
6222598;K
6222612;K
6222776;K
6222807;K
6222842;K
6223534;K
6224410;K
6226337;K
6228632;K
6229695;K
6229703;T
6229710;T
6229726;T
6229732;K
6229749;K
6229755;K
6229778;T
6229940;E
6229962;T
6229985;T
6229991;T
6230020;K
6230050;K
6230089;K
6230103;K
6230110;K
6231611;E
6231634;T
6231663;K
6231746;T
6233403;T
6233610;K
6233627;K
6233952;K
6234041;K
6234093;K
6234147;K
6235780;T
6236011;K
6236092;K
6237855;K
6238091;K
6238286;K
6239140;K
6240515;T
6242968;K
6245665;T
6245702;K
6245814;K
6248178;K
6248630;E
6248830;T
6248853;K
6248882;K
6248907;K
6252613;K
6253245;E
6253736;E
6255563;T
6255570;T
6255592;T
6255600;T
6255617;T
6255698;K
6255706;K
6255729;E
6255764;T
6255787;K
6255793;K
6255801;K
6255818;T
6255824;T
6256108;K
6256114;K
6256261;K
6256746;K
6257177;K
6257237;K
6257266;K
6257295;K
6257361;K
6257378;K
6257823;K
6259160;K
6259176;K
6259182;K
6259199;T
6259207;K
6259213;K
6259220;K
6259236;K
6259242;K
6259271;K
6259970;K
6259986;K
6260009;K
6261486;K
6261492;K
6261517;K
6263440;K
6263580;K
6263870;T
6264409;K
6264823;K
6264869;K
6264875;K
6264898;K
6264912;K
6264935;K
6264958;K
6264964;K
6264970;K
6264987;K
6264993;K
6265053;T
6266816;K
6266839;K
6266970;K
6266986;K
6267537;T
6268695;K
6268809;K
6268844;K
6269051;T
6269074;T
6269080;T
6269097;T
6269677;K
6269683;K
6269690;K
6269714;K
6269720;K
6270462;K
6270491;T
6270500;T
6271958;K
6271964;K
6272521;E
6272538;E
6272544;E
6272828;K
6272834;K
6272840;K
6272857;K
6272863;K
6272870;K
6272886;K
6272892;K
6273383;K
6273390;K
6273408;K
6273414;K
6273420;K
6273437;K
6273450;K
6273466;K
6273472;K
6273489;K
6273495;T
6273503;T
6273510;K
6273526;K
6273532;K
6273549;K
6273555;K
6273584;K
6273680;K
6273696;K
6273704;T
6273756;T
6273762;T
6273785;T
6273791;K
6273800;K
6273816;K
6273822;K
6273839;K
6273845;K
6273851;K
6274000;K
6274017;K
6274023;T
6274052;T
6274069;K
6274098;K
6274230;K
6274247;K
6274253;K
6274721;K
6275146;K
6275318;E
6275488;K
6275732;K
6275749;T
6276246;T
6276269;T
6276275;T
6276281;T
6276298;T
6276306;T
6276329;K
6276335;K
6276358;K
6276476;K
6276507;K
6276520;K
6276559;K
6276654;T
6277122;K
6277926;K
6278630;E
6278647;T
6278699;T
6278707;K
6278713;K
6278720;K
6278742;T
6278908;K
6279003;K
6279931;K
6280118;K
6280348;T
6280390;T
6280414;T
6280443;T
6281023;K
6281187;E
6281307;K
6281313;K
6281320;K
6281715;K
6281721;K
6282531;K
6282560;K
6282577;K
6282583;K
6282590;K
6282608;T
6282614;K
6282620;K
6282637;K
6282985;K
6283855;K
6284205;K
6284292;K
6284300;K
6284346;K
6284381;T
6284435;K
6284458;K
6284464;K
6284470;K
6284487;K
6284493;T
6284501;T
6284518;K
6284524;K
6284530;K
6284547;K
6284553;K
6284560;K
6284576;K
6284582;K
6284599;K
6284607;T
6284613;K
6284620;K
6284636;K
6284642;K
6284659;T
6284688;T
6284702;K
6284719;K
6284725;K
6284731;K
6284748;K
6284754;E
6284760;K
6284777;K
6284783;K
6284790;K
6284808;K
6284814;K
6284837;K
6284843;K
6284866;K
6284872;K
6284889;K
6284895;T
6284903;K
6284910;T
6284926;T
6284932;K
6284949;K
6284955;K
6284961;K
6284984;K
6284990;K
6285009;K
6285015;K
6285021;K
6285038;K
6285044;K
6285050;K
6285067;K
6285073;K
6285080;K
6285096;K
6285104;K
6285110;K
6285127;K
6285133;T
6285140;K
6285156;K
6285162;K
6285179;K
6285185;K
6285191;K
6285200;E
6288284;E
6288479;K
6288516;T
6288522;K
6288539;K
6288545;K
6288551;K
6288568;E
6288574;E
6288580;T
6288597;K
6288605;E
6288611;E
6288628;E
6288634;E
6288640;E
6288657;E
6288670;T
6288700;K
6288717;E
6288723;E
6288730;E
6288746;E
6288769;K
6292417;E
6295841;K
6297797;K
6298153;K
6298259;E
6310010;D
6310026;D
6310032;D
6310049;D
6310055;D
6310061;D
6310078;D
6310084;D
6310090;D
6310109;D
6310115;D
6310121;D
6310144;D
6310150;D
6310167;D
6310173;D
6310180;D
6310196;D
6310210;D
6310227;D
6310233;D
6310240;D
6310256;D
6310262;D
6310279;D
6310285;D
6310291;D
6310300;D
6310316;D
6310322;D
6310339;D
6310345;D
6310351;D
6310368;D
6310374;D
6310380;D
6310397;D
6310405;D
6310428;D
6310440;D
6310457;D
6310470;D
6310486;D
6310492;D
6310500;D
6310517;D
6310523;D
6310530;D
6310546;D
6310552;D
6310569;D
6310575;D
6310606;D
6310612;D
6310641;D
6310658;D
6310664;D
6310670;D
6310687;D
6310693;D
6310701;D
6310718;D
6310724;D
6310730;D
6310747;D
6310760;D
6310776;D
6310782;D
6310799;D
6310807;D
6310813;D
6310820;D
6310836;D
6310842;D
6310859;D
6310871;D
6310919;D
6310925;D
6310931;D
6310948;D
6310954;D
6310960;D
6311008;D
6311014;D
6311037;D
6311043;D
6311050;D
6311066;D
6311072;D
6311103;D
6311110;D
6311132;D
6311149;D
6311155;D
6311161;D
6311178;D
6311184;D
6311190;D
6311209;D
6311215;D
6311221;D
6311244;D
6311250;D
6311273;D
6311280;D
6311296;D
6311304;D
6311310;D
6311327;D
6311333;D
6311340;D
6311356;D
6311362;D
6311379;D
6311385;D
6311400;D
6311416;D
6311422;D
6311439;D
6311445;D
6311451;D
6311468;D
6311474;D
6311480;D
6311497;D
6311505;D
6311511;D
6311528;D
6311534;D
6311540;D
6311557;D
6311563;D
6311570;D
6311586;D
6311592;D
6311600;D
6311617;D
6311623;D
6311630;D
6311646;D
6311652;D
6311669;D
6311675;D
6311729;D
6311741;D
6311758;D
6311764;D
6311853;D
6311860;D
6311899;D
6311913;D
6311936;D
6311965;D
6311988;D
6312002;D
6312019;D
6312025;D
6312048;D
6312060;D
6312083;D
6312090;D
6312108;D
6312143;D
6312166;D
6312172;D
6312278;D
6312284;D
6312290;D
6312427;D
6312456;D
6312462;D
6312479;D
6312485;D
6312491;D
6312500;D
6312516;D
6312522;D
6312539;D
6312545;D
6312611;D
6312628;D
6312657;D
6312663;D
6312670;D
6312717;D
6312723;D
6312752;D
6312769;D
6312775;D
6312781;D
6312798;D
6312806;D
6312812;D
6312829;D
6312835;D
6312841;D
6312858;D
6312864;D
6312870;D
6312887;D
6313272;D
6313303;D
6313310;D
6313326;D
6313332;D
6313349;D
6313355;D
6313378;D
6313384;D
6313415;D
6313591;D
6313600;D
6313763;D
6313770;D
6313786;D
6313792;D
6313800;D
6313817;D
6313823;D
6313830;D
6313846;D
6313852;D
6313869;D
6313875;D
6313881;D
6313898;D
6313906;D
6313912;D
6313929;D
6313935;D
6313941;D
6313958;D
6313964;D
6313993;D
6314001;D
6314018;D
6314024;D
6314082;D
6314107;D
6314120;D
6314142;D
6314171;D
6314188;D
6314202;D
6314225;D
6314254;D
6314573;D
6314580;D
6314596;D
6314604;D
6314610;D
6314627;D
6314633;D
6314640;D
6314656;D
6314662;D
6314679;D
6314685;D
6314691;D
6314700;D
6314722;D
6314739;D
6314745;D
6314768;D
6314981;D
6314998;D
6315006;D
6315012;D
6315029;D
6315035;D
6315041;D
6315058;D
6315064;D
6315070;D
6315087;D
6315093;D
6315101;D
6315118;D
6315124;D
6315130;D
6315147;D
6315153;D
6315236;D
6315578;D
6315638;D
6315644;D
6315696;D
6315704;D
6315928;D
6315934;D
6315940;D
6315957;D
6315963;D
6315986;D
6315992;D
6316000;D
6316017;D
6316023;D
6316030;D
6316052;D
6316069;D
6316075;D
6316081;D
6316098;D
6316106;D
6316112;D
6316129;D
6316135;D
6316141;D
6316164;D
6316187;D
6316201;D
6316218;D
6316224;D
6316230;D
6316247;D
6316253;D
6316307;D
6316313;D
6316320;D
6316365;D
6316402;D
6316425;D
6316431;D
6316454;D
6316460;D
6316477;D
6316483;D
6316490;D
6316508;D
6316514;D
6316595;D
6316603;D
6316610;D
6316649;D
6316709;D
6316715;D
6316721;D
6316738;D
6316744;D
6316750;D
6316879;D
6316885;D
6316891;D
6316916;D
6316922;D
6316939;D
6316968;D
6317034;D
6317040;D
6317057;D
6317063;D
6317070;D
6317086;D
6317092;D
6317117;D
6317123;D
6317130;D
6317181;D
6317198;D
6317229;D
6317235;D
6317241;D
6317258;D
6317264;D
6317270;D
6317287;D
6317293;D
6317301;D
6317318;D
6317330;D
6317347;D
6317353;D
6317360;D
6317376;D
6317382;D
6317407;D
6317413;D
6317436;D
6317442;D
6317459;D
6317471;D
6317488;D
6317494;D
6317502;D
6317519;D
6317525;D
6317531;D
6317548;D
6317554;D
6317560;D
6317577;D
6317583;D
6317590;D
6317608;D
6317614;D
6317620;D
6317637;D
6317643;D
6317650;D
6317666;D
6317672;D
6318170;D
6318192;D
6318200;D
6318217;D
6318223;D
6318312;D
6318393;D
6318401;D
6318418;D
6318447;D
6318460;D
6318482;D
6318499;D
6318513;D
6318520;D
6318536;D
6318542;D
6318559;D
6318565;D
6318571;D
6318594;D
6318602;D
6318625;D
6318648;D
6318654;D
6318660;D
6318683;D
6318708;D
6318714;D
6318720;D
6318737;D
6318743;D
6318750;D
6318766;D
6318772;D
6318789;D
6318795;D
6318803;D
6318810;D
6318826;D
6318832;D
6318849;D
6318996;D
6319040;D
6319062;D
6319100;D
6319116;D
6319122;D
6319139;D
6319145;D
6319151;D
6319168;D
6319174;D
6319180;D
6319205;D
6319234;D
6319240;D
6319257;D
6319270;D
6319286;D
6319300;D
6319317;D
6319375;D
6319398;D
6319406;D
6319412;D
6319458;D
6319636;D
6319694;D
6319702;D
6319719;D
6319725;D
6319731;D
6319748;D
6319754;D
6319760;D
6319777;D
6319783;D
6319790;D
6319808;D
6319814;D
6319820;D
6319837;D
6319850;D
6319872;D
6319949;D
6319978;D
6320088;D
6320102;D
6320119;D
6320131;D
6320148;D
6320154;D
6320177;D
6320183;D
6320208;D
6320214;D
6320243;D
6320250;D
6320272;D
6320289;D
6320295;D
6320303;D
6320326;D
6320361;D
6320473;D
6320496;D
6320504;D
6320510;D
6320527;D
6320533;D
6320540;D
6320556;D
6320562;D
6320579;D
6320585;D
6321544;D
6322839;D
6323313;D
6323320;D
6323336;D
6323342;D
6323359;D
6323365;D
6323371;D
6323388;D
6323394;D
6323419;D
6323431;D
6323448;D
6323508;D
6323520;D
6323537;D
6323550;D
6323566;D
6323589;D
6323773;D
6323780;D
6323796;D
6323804;D
6323810;D
6323827;D
6323833;D
6323840;D
6323856;D
6323862;D
6323879;D
6323885;D
6323891;D
6323900;D
6323916;D
6323922;D
6323939;D
6323945;D
6323951;D
6323968;D
6323997;D
6324086;D
6324092;D
6324100;D
6324117;D
6324123;D
6324130;D
6324146;D
6324152;D
6324175;D
6324181;D
6324198;D
6324206;D
6324212;D
6324229;D
6324235;D
6324241;D
6324258;D
6324264;D
6324270;D
6324287;D
6324293;D
6324301;D
6324318;D
6324324;D
6324330;D
6324353;D
6324360;D
6324376;D
6324382;D
6324399;D
6324407;D
6324413;D
6324420;D
6324436;D
6324442;D
6324459;D
6324465;D
6324471;D
6324488;D
6324494;D
6324502;D
6324519;D
6324525;D
6324531;D
6324548;D
6324554;D
6324666;D
6324672;D
6324695;D
6324703;D
6324726;D
6324732;D
6324755;D
6324761;D
6324778;D
6324784;D
6324790;D
6324815;D
6324821;D
6324838;D
6324844;D
6324867;D
6324873;D
6324880;D
6324896;D
6324910;D
6324933;D
6324940;D
6324956;D
6324962;D
6324991;D
6325000;D
6325016;D
6325039;D
6325051;D
6325080;D
6325111;D
6325128;D
6325140;D
6325157;D
6325192;D
6325200;D
6325223;D
6325281;D
6325499;D
6325507;D
6325513;D
6325520;D
6325536;D
6325542;D
6325766;D
6326435;D
6326777;D
6326790;D
6326843;D
6326955;D
6327009;D
6327044;D
6327050;D
6327067;D
6327080;D
6327096;D
6327104;D
6327110;D
6327280;D
6327297;D
6327305;D
6327311;D
6327328;D
6327340;D
6327357;D
6327363;D
6327386;D
6327417;D
6327452;D
6327475;D
6327512;D
6327529;D
6327558;D
6327587;D
6327593;D
6327950;D
6328061;D
6328084;D
6328090;D
6328109;D
6328115;D
6328121;D
6328138;D
6328144;D
6328150;D
6328167;D
6328173;D
6328180;D
6328196;D
6328204;D
6328210;D
6328227;D
6328279;D
6328291;D
6328300;D
6328322;D
6328351;D
6328368;D
6328374;D
6328380;D
6328397;D
6328405;D
6328411;D
6328428;D
6328434;D
6328486;D
6328492;D
6329280;D
6329451;D
6329646;D
6330098;D
6330129;D
6330141;D
6330170;D
6330187;D
6330218;D
6330224;D
6330247;D
6330253;D
6330260;D
6330276;D
6330307;D
6330336;D
6330342;D
6330359;D
6330388;D
6330394;D
6330402;D
6330448;D
6330454;D
6330477;D
6330483;D
6330490;D
6330514;D
6330721;D
6331270;D
6331353;D
6332401;D
6332418;D
6332424;D
6332430;D
6332447;D
6332453;D
6332460;D
6332476;D
6332482;D
6332499;D
6332507;D
6332513;D
6332520;D
6332536;D
6332542;D
6332559;D
6332565;D
6332571;D
6332588;D
6332648;D
6334334;D
6335285;D
6335670;D
6336623;D
6336630;D
6336646;D
6336652;D
6336669;D
6336675;D
6336681;D
6336698;D
6336706;D
6336712;D
6336729;D
6336735;D
6336741;D
6337479;D
6339283;D
6339290;D
6339478;D
6339521;D
6339550;D
6339573;D
6339596;D
6340211;D
6340240;D
6340257;D
6341877;D
6343327;D
6343333;D
6343340;D
6343356;D
6343379;D
6343830;D
6343936;D
6344077;D
6344083;D
6344090;D
6344108;D
6344114;D
6344137;D
6344261;D
6344918;D
6345295;D
6345467;D
6345898;D
6346171;D
6346610;D
6346691;D
6346811;D
6346828;D
6346840;D
6346863;D
6346870;D
6346892;D
6346900;D
6346923;D
6346930;D
6346952;D
6346969;D
6346975;D
6346998;D
6347006;D
6347012;D
6347029;D
6347058;D
6347070;D
6347762;D
6347791;D
6348336;D
6348477;D
6348550;D
6348715;D
6350646;D
6350698;D
6351456;D
6353389;D
6353550;D
6354118;D
6354130;D
6354578;D
6354590;D
6354609;D
6354615;D
6354673;D
6355388;D
6355508;D
6355661;D
6355715;D
6355721;D
6355738;D
6355744;D
6355750;D
6355773;D
6355827;D
6355833;D
6355840;D
6355856;D
6355862;D
6355879;D
6355916;D
6355922;D
6355951;D
6355968;D
6355974;D
6356005;D
6356011;D
6356028;D
6356034;D
6356040;D
6356057;D
6356063;D
6356070;D
6356086;D
6356092;D
6356152;D
6356590;D
6356778;D
6356784;D
6356790;D
6356809;D
6356815;D
6356821;D
6356838;D
6356844;D
6356850;D
6356904;D
6356927;D
6356933;D
6356940;D
6356979;D
6356991;D
6357938;D
6361087;D
6361093;D
6361101;D
6361118;D
6362299;D
6362313;D
6362477;D
6362483;D
6362490;D
6362508;D
6362514;D
6362537;D
6362543;D
6362550;D
6362566;D
6362572;D
6362589;D
6362595;D
6362610;D
6362632;D
6362649;D
6362655;D
6362678;D
6362684;D
6362709;D
6362715;D
6362721;D
6362738;D
6362744;D
6362750;D
6362767;D
6362780;D
6362810;D
6362827;D
6362833;D
6362840;D
6362856;D
6362862;D
6362879;D
6362900;D
6363123;D
6363146;D
6363169;D
6363175;D
6363181;D
6363198;D
6363212;D
6363229;D
6363258;D
6363270;D
6363330;D
6363360;D
6363376;D
6363382;D
6363399;D
6363407;D
6363459;D
6363465;D
6363471;D
6363494;D
6363502;D
6363525;D
6363554;D
6363560;D
6363577;D
6363749;D
6363904;D
6363910;D
6363927;D
6363933;D
6363940;D
6363962;D
6363979;D
6363985;D
6363991;D
6364000;D
6364022;D
6364045;D
6364051;D
6364068;D
6364080;D
6364105;D
6364111;D
6364128;D
6364134;D
6364140;D
6364157;D
6364163;D
6364170;D
6364186;D
6364192;D
6364200;D
6364217;D
6364230;D
6364246;D
6364269;D
6364275;D
6364281;D
6364298;D
6364306;D
6364312;D
6364329;D
6364335;D
6364341;D
6364358;D
6364364;D
6364370;D
6364393;D
6364418;D
6364424;D
6364430;D
6364447;D
6364453;D
6364499;D
6364884;D
6364909;D
6364921;D
6366268;D
6366274;D
6366280;D
6366297;D
6366305;D
6366311;D
6366328;D
6366334;D
6366340;D
6366357;D
6366363;D
6366370;D
6366386;D
6366392;D
6366400;D
6366417;D
6366423;D
6366430;D
6366446;D
6366995;D
6367003;D
6367010;D
6367658;D
6368439;D
6368474;D
6368681;D
6369901;D
6369918;D
6370749;D
6370755;D
6370761;D
6370778;D
6370784;D
6370790;D
6370809;D
6370815;D
6370821;D
6370838;D
6370844;D
6370850;D
6370867;D
6370873;D
6371186;D
6371329;D
6371341;D
6371358;D
6371364;D
6371370;D
6371387;D
6371393;D
6371401;D
6371660;D
6371677;D
6371708;D
6371714;D
6371720;D
6371737;D
6371743;D
6372381;D
6372754;D
6372910;D
6372926;D
6372932;D
6373251;D
6374144;D
6374820;D
6375184;D
6375971;D
6375988;D
6375994;D
6376019;D
6376025;D
6376048;D
6376077;D
6376083;D
6376090;D
6376108;D
6376172;D
6376315;D
6376344;D
6376396;D
6376404;D
6376410;D
6376427;D
6376433;D
6376440;D
6376485;D
6376491;D
6376516;D
6376539;D
6376545;D
6376568;D
6376574;D
6376580;D
6376597;D
6376611;D
6376628;D
6376640;D
6376901;D
6376918;D
6376924;D
6376930;D
6376947;D
6376960;D
6377020;D
6377533;D
6377540;D
6377556;D
6378283;D
6378538;D
6379584;D
6379756;D
6379762;D
6379779;D
6379785;D
6379791;D
6379800;D
6379816;D
6379822;D
6379839;D
6379845;D
6379851;D
6379868;D
6379880;D
6379897;D
6379905;D
6379911;D
6380080;D
6380096;D
6380104;D
6380110;D
6380127;D
6380133;D
6380140;D
6380156;D
6380162;D
6380179;D
6380185;D
6380191;D
6380200;D
6380216;D
6380222;D
6380239;D
6380245;D
6380251;D
6380268;D
6380274;D
6380280;D
6380297;D
6380305;D
6380311;D
6380328;D
6380334;D
6380340;D
6380357;D
6380363;D
6380370;D
6380386;D
6380392;D
6380400;D
6380417;D
6380423;D
6380430;D
6380446;D
6380452;D
6380469;D
6380475;D
6380481;D
6380498;D
6380506;D
6380512;D
6380529;D
6380535;D
6380541;D
6380558;D
6380564;D
6380570;D
6380587;D
6380593;D
6380601;D
6380618;D
6380624;D
6380630;D
6380647;D
6380653;D
6380660;D
6380676;D
6380682;D
6380699;D
6380707;D
6380713;D
6380720;D
6380736;D
6380742;D
6380759;D
6380765;D
6380771;D
6380788;D
6380794;D
6380802;D
6380819;D
6380825;D
6380831;D
6380848;D
6380854;D
6380860;D
6380877;D
6380883;D
6380890;D
6380908;D
6380914;D
6380920;D
6380937;D
6380943;D
6380950;D
6380966;D
6380972;D
6380989;D
6380995;D
6381003;D
6381010;D
6381026;D
6381032;D
6381049;D
6381055;D
6381061;D
6381078;D
6381084;D
6381090;D
6381109;D
6381115;D
6381121;D
6381138;D
6381144;D
6381150;D
6381167;D
6381173;D
6381180;D
6381196;D
6381204;D
6381210;D
6381227;D
6381233;D
6381240;D
6381256;D
6381262;D
6381279;D
6381285;D
6381291;D
6381300;D
6381316;D
6381322;D
6381339;D
6381351;D
6381368;D
6381374;D
6381397;D
6381405;D
6381411;D
6381428;D
6381434;D
6381440;D
6381457;D
6381463;D
6381470;D
6381486;D
6381492;D
6381500;D
6381517;D
6381523;D
6381530;D
6381546;D
6381552;D
6381569;D
6381575;D
6381581;D
6381598;D
6381606;D
6381612;D
6381629;D
6381635;D
6381641;D
6381658;D
6381670;D
6381687;D
6381693;D
6381701;D
6381718;D
6381724;D
6381730;D
6381747;D
6381753;D
6381760;D
6381776;D
6381782;D
6381799;D
6381807;D
6381813;D
6381820;D
6381836;D
6381842;D
6381859;D
6381865;D
6381871;D
6381888;D
6381894;D
6381902;D
6381919;D
6381925;D
6381931;D
6381948;D
6381954;D
6381960;D
6381977;D
6381983;D
6381990;D
6382008;D
6382014;D
6382020;D
6382037;D
6382050;D
6382066;D
6382072;D
6382089;D
6382095;D
6382103;D
6382296;D
6382729;D
6382735;D
6382741;D
6382758;D
6382764;D
6382770;D
6382787;D
6382793;D
6382801;D
6382818;D
6382824;D
6382830;D
6382847;D
6382853;D
6382860;D
6382876;D
6382882;D
6382899;D
6382907;D
6382913;D
6382920;D
6382936;D
6382942;D
6382959;D
6382965;D
6382971;D
6382988;D
6382994;D
6383002;D
6383019;D
6383025;D
6383031;D
6383048;D
6383054;D
6383060;D
6383077;D
6383083;D
6383090;D
6383108;D
6383114;D
6383137;D
6383150;D
6383166;D
6383189;D
6383203;D
6383226;D
6383249;D
6383255;D
6383261;D
6383278;D
6383284;D
6383290;D
6383309;D
6383315;D
6383321;D
6383338;D
6383344;D
6383350;D
6383367;D
6383373;D
6383380;D
6383396;D
6383404;D
6383410;D
6383427;D
6383433;D
6383440;D
6383456;D
6383462;D
6383479;D
6383485;D
6383491;D
6383500;D
6383516;D
6383522;D
6383539;D
6383545;D
6383551;D
6383568;D
6383574;D
6383580;D
6383597;D
6383605;D
6383611;D
6383628;D
6383634;D
6383640;D
6383657;D
6383663;D
6383670;D
6383686;D
6383692;D
6383717;D
6383723;D
6383746;D
6383752;D
6383769;D
6383775;D
6383798;D
6383806;D
6383829;D
6383841;D
6383858;D
6383864;D
6383870;D
6383887;D
6383893;D
6383901;D
6383924;D
6383930;D
6383947;D
6383953;D
6383960;D
6383976;D
6383982;D
6383999;D
6384007;D
6384013;D
6384020;D
6384036;D
6384042;D
6384059;D
6384065;D
6384071;D
6384088;D
6384094;D
6384102;D
6384119;D
6384125;D
6384131;D
6384148;D
6384154;D
6384160;D
6384177;D
6384183;D
6384190;D
6384208;D
6384214;D
6384220;D
6384237;D
6384250;D
6384266;D
6384272;D
6384289;D
6384295;D
6384303;D
6384310;D
6384326;D
6384332;D
6384349;D
6384355;D
6384361;D
6384378;D
6384384;D
6384390;D
6384409;D
6384415;D
6384421;D
6384438;D
6384444;D
6384450;D
6384467;D
6384473;D
6384480;D
6384504;D
6384510;D
6384527;D
6384533;D
6384540;D
6384556;D
6384562;D
6384579;D
6384585;D
6384591;D
6384600;D
6384616;D
6384622;D
6384639;D
6384645;D
6384651;D
6384668;D
6384674;D
6384680;D
6384697;D
6384705;D
6384711;D
6384728;D
6384734;D
6384740;D
6384757;D
6384763;D
6384770;D
6384786;D
6384792;D
6384800;D
6384823;D
6384846;D
6384852;D
6384869;D
6384875;D
6384881;D
6384898;D
6384906;D
6384912;D
6384929;D
6384935;D
6384941;D
6384958;D
6384964;D
6384970;D
6384987;D
6384993;D
6385001;D
6385018;D
6385024;D
6385030;D
6385047;D
6385053;D
6385060;D
6385099;D
6385107;D
6385113;D
6385120;D
6385159;D
6385165;D
6385171;D
6385188;D
6385194;D
6385202;D
6385219;D
6385225;D
6385231;D
6385248;D
6385254;D
6385260;D
6385277;D
6385283;D
6385290;D
6385308;D
6385314;D
6385320;D
6385337;D
6385343;D
6385366;D
6385372;D
6385389;D
6385395;D
6385403;D
6385410;D
6385426;D
6385432;D
6385449;D
6385455;D
6385461;D
6385478;D
6385484;D
6385490;D
6385509;D
6385515;D
6385521;D
6385538;D
6385544;D
6385550;D
6385567;D
6385573;D
6385580;D
6385596;D
6385604;D
6385610;D
6385627;D
6385633;D
6385640;D
6385656;D
6385662;D
6385679;D
6385685;D
6385691;D
6385700;D
6385716;D
6385722;D
6385739;D
6385745;D
6385751;D
6385768;D
6385774;D
6385780;D
6385797;D
6385805;D
6385811;D
6385828;D
6385834;D
6385840;D
6385857;D
6385863;D
6385870;D
6385886;D
6385892;D
6385900;D
6385917;D
6385923;D
6385930;D
6385946;D
6385952;D
6385969;D
6385975;D
6385981;D
6385998;D
6386006;D
6386012;D
6386029;D
6386035;D
6386041;D
6386058;D
6386064;D
6386070;D
6386087;D
6386093;D
6386101;D
6386118;D
6386124;D
6386130;D
6386147;D
6386153;D
6386160;D
6386176;D
6386182;D
6386199;D
6386822;D
6387187;D
6387566;D
6388235;D
6388293;D
6388330;D
6388347;D
6388360;D
6388376;D
6388382;D
6388399;D
6388407;D
6388413;D
6388420;D
6388436;D
6388442;D
6388459;D
6388471;D
6388488;D
6388519;D
6388525;D
6388531;D
6388548;D
6388560;D
6388577;D
6388583;D
6388590;D
6388608;D
6388614;D
6388620;D
6388637;D
6388643;D
6388650;D
6388666;D
6388672;D
6388695;D
6388703;D
6388710;D
6388726;D
6388732;D
6388778;D
6388784;D
6388790;D
6388809;D
6388815;D
6388821;D
6388850;D
6388867;D
6388873;D
6388880;D
6388896;D
6388904;D
6388910;D
6388927;D
6388940;D
6388956;D
6388962;D
6392219;D
6392314;D
6393220;D
6394260;D
6394715;D
6397843;D
6398771;D
6398890;D
6399121;D
6619812;
6623890;
6642283;
6647145;
6656517;
6662156;
6693323;
7110016;O
7110022;O
7110039;O
7110045;O
7110051;O
7110068;O
7110074;O
7110080;O
7110163;O
7110170;O
7110186;O
7110192;O
7110200;O
7110217;O
7110223;O
7110230;O
7110246;O
7110269;O
7110298;O
7110306;O
7110312;O
7110329;O
7110335;O
7110341;O
7110358;O
7110364;O
7110387;O
7110393;O
7110401;O
7110418;O
7110424;O
7110430;O
7110447;O
7110453;O
7110476;O
7110482;O
7110499;O
7110507;O
7110559;O
7110565;O
7110571;O
7110588;O
7110631;O
7110648;O
7110654;O
7110660;O
7110683;O
7110690;O
7110708;O
7110714;O
7110743;O
7110810;O
7110826;O
7110832;O
7110849;O
7110884;O
7110909;O
7110915;O
7110921;O
7110944;O
7110950;O
7110967;O
7110973;O
7110980;O
7110996;O
7111004;O
7111010;O
7111027;O
7111040;O
7111056;O
7111062;O
7111079;O
7111085;O
7111091;O
7111100;O
7111139;O
7111145;O
7111151;O
7111180;O
7111197;O
7111211;O
7111228;O
7111234;O
7111240;O
7111286;O
7111292;O
7111300;O
7111323;O
7111330;O
7111346;O
7111375;O
7111381;O
7111398;O
7111406;O
7111501;O
7111560;O
7111613;O
7111620;O
7111636;O
7111642;O
7111659;O
7111665;O
7111671;O
7111688;O
7111694;O
7111702;O
7111719;O
7111725;O
7111731;O
7111748;O
7111754;O
7111760;O
7111783;O
7112110;O
7112133;O
7112587;O
7112593;O
7112601;O
7113316;O
7113517;O
7113523;O
7114050;O
7114072;O
7114095;O
7114110;O
7114132;O
7114215;O
7114238;O
7114244;O
7114267;O
7114280;O
7114296;O
7114304;O
7114310;O
7114327;O
7114333;O
7114362;O
7114379;O
7114385;O
7114391;O
7114400;O
7114416;O
7114422;O
7114439;O
7114445;O
7115255;O
7115663;O
7115775;O
7115812;O
7115858;O
7115976;O
7117024;D
7117691;D
7117700;D
7117716;D
7117722;D
7117739;D
7117745;D
7117751;D
7117768;D
7117774;D
7117780;D
7117998;D
7118006;D
7118012;D
7118029;D
7118035;D
7118041;D
7118058;D
7118064;D
7118271;O
7118851;O
7118868;O
7118874;O
7118880;O
7118897;O
7118905;O
7118911;O
7118928;O
7120121;O
7121623;O
7121630;O
7121646;O
7121669;O
7121764;O
7121770;O
7121801;O
7121818;O
7121824;O
7122083;O
7122114;O
7122427;D
7122440;D
7122479;D
7122485;D
7122545;D
7122781;D
7122976;D
7123007;D
7123013;D
7123071;D
7123102;D
7123450;O
7123473;D
7123510;D
7123622;D
7123639;D
7123645;D
7123651;D
7127175;O
7127672;O
7127979;O
7127985;O
7128335;O
7128341;O
7129889;O
7129895;O
7129903;O
7129910;O
7129926;O
7129932;O
7129949;O
7129955;O
7130668;O
7130674;O
7130852;O
7130869;O
7131870;O
7132644;O
7132650;O
7132667;O
7132673;O
7132696;O
7132704;O
7132710;O
7132727;O
7132733;O
7132756;O
7132762;O
7132785;O
7132791;O
7132800;O
7132816;O
7132822;O
7132839;O
7132845;O
7132851;O
7132868;O
7133052;O
7133313;O
7133320;O
7133336;O
7133342;O
7133359;O
7133365;O
7133371;O
7133388;O
7133394;O
7133419;O
7133425;O
7133431;O
7133448;O
7133454;O
7133460;O
7133477;O
7133483;O
7133490;O
7133572;O
7134531;O
7136518;O
7136524;O
7136530;O
7136547;O
7136553;O
7136576;O
7136582;O
7136607;O
7136613;O
7137653;O
7137759;O
7140260;O
7141040;D
7141100;D
7141123;D
7141130;D
7141175;D
7141198;O
7141229;D
7141235;D
7141241;O
7141287;D
7141330;D
7141376;D
7141382;O
7141407;D
7141436;D
7141459;D
7141502;O
7141519;D
7141560;O
7141608;O
7141637;O
7141784;O
7141880;O
7141933;O
7142200;O
7142230;O
7142246;O
7142269;O
7142275;O
7142306;O
7142312;O
7142364;O
7142393;O
7142884;O
7142890;O
7142909;O
7142915;O
7142921;O
7142938;O
7142944;O
7142950;O
7143027;O
7143033;O
7143837;O
7143843;O
7144268;O
7144920;O
7144937;O
7144943;O
7144950;O
7144966;O
7144972;O
7144989;O
7144995;O
7145003;O
7145026;O
7145032;O
7145049;O
7145055;O
7145061;O
7145078;O
7145090;O
7145121;O
7145138;O
7145144;O
7145150;O
7147686;O
7148119;O
7148125;O
7148770;O
7148875;O
7148898;O
7148912;O
7148929;O
7149001;O
7149018;O
7149030;O
7149047;O
7149053;O
7149060;O
7149076;O
7149082;O
7149952;O
7153652;O
7153847;O
7153853;O
7153860;O
7154284;O
7154290;O
7154315;O
7155496;O
7155645;O
7155651;O
7155674;O
7155680;O
7157041;O
7157147;O
7157153;O
7157160;O
7157271;O
7157420;O
7157437;O
7157578;O
7157584;O
7157621;O
7157667;O
7157680;O
7157779;O
7157791;O
7158610;O
7160190;O
7160221;O
7160267;O
7160333;O
7160511;O
7160534;O
7160652;O
7160675;O
7160681;O
7160735;O
7160758;O
7160770;O
7160787;O
7160793;O
7160913;O
7160920;O
7160936;O
7160942;O
7160959;O
7160965;O
7160971;O
7161025;O
7161203;O
7161232;O
7161835;O
7161870;O
7162881;O
7165135;O
7166560;O
7168180;O
7168257;O
7168263;O
7168323;O
7169185;O
7169191;O
7169340;O
7169430;O
7171242;O
7171259;O
7171302;O
7172224;O
7172276;O
7173560;O
7173577;O
7173896;O
7173904;O
7173910;O
7173933;O
7173940;O
7173956;O
7175777;O
7175783;O
7175808;O
7175814;O
7175837;O
7175895;O
7175903;O
7177718;O
7178280;O
7178391;O
7178400;O
7178416;O
7178793;O
7178801;O
7178824;O
7178830;O
7178860;O
7178876;O
7178899;O
7178907;O
7178920;O
7178936;O
7178942;O
7178959;O
7179019;O
7179060;O
7179077;O
7179083;O
7179090;O
7179108;O
7179114;O
7179120;O
7179137;O
7179143;O
7179150;O
7179166;O
7179172;O
7179189;O
7179195;O
7179203;O
7179210;O
7179226;O
7179232;O
7179249;O
7179255;O
7179261;O
7179278;O
7179290;O
7179309;O
7179315;O
7179321;O
7179338;O
7179344;O
7179350;O
7179373;O
7179380;O
7179396;O
7179410;O
7179462;O
7179551;O
7179628;O
7179640;D
7179700;D
7179717;D
7179723;D
7179730;D
7179746;D
7179752;D
7179769;D
7179775;D
7179781;D
7179798;D
7179806;D
7179812;D
7179829;D
7179835;D
7179858;D
7179864;D
7179870;D
7179953;O
7180011;O
7180070;O
7180086;O
7180382;O
7180399;O
7180413;O
7180442;O
7180459;O
7180755;O
7180784;O
7181157;O
7181163;O
7181170;O
7181186;O
7181192;O
7181200;O
7181217;O
7181223;O
7181230;O
7181246;O
7181252;O
7181269;O
7181275;O
7181281;O
7181447;O
7181453;O
7181460;O
7181476;O
7181482;O
7181499;O
7181507;O
7181513;O
7181520;O
7181536;O
7181542;O
7181559;O
7181565;O
7181571;O
7181588;O
7181594;O
7181602;O
7181619;O
7181625;O
7181631;O
7181648;O
7181654;O
7181660;O
7181677;O
7181683;O
7181720;O
7181737;O
7181743;O
7181750;O
7181766;O
7181772;O
7181789;O
7181803;O
7181810;O
7181826;O
7181849;O
7181855;O
7181861;O
7181878;O
7181884;O
7181890;O
7181909;O
7181921;O
7181938;O
7181950;O
7182145;O
7182151;O
7182168;O
7182174;O
7182180;O
7182205;O
7182211;O
7182257;O
7182263;O
7182270;O
7182286;O
7182292;O
7182300;O
7182317;O
7182323;O
7182330;O
7182346;O
7182352;O
7182369;O
7182375;O
7182381;O
7182398;O
7182406;O
7182412;O
7182429;O
7182435;O
7182441;O
7182458;O
7182464;O
7182470;O
7182487;O
7182493;O
7182501;O
7182518;O
7182524;O
7182530;O
7182547;O
7182553;O
7182560;O
7182576;O
7182599;O
7182607;O
7182613;O
7182620;O
7182636;O
7182642;O
7182659;O
7182665;O
7182671;O
7182688;O
7182694;O
7182702;O
7182731;O
7182748;O
7182777;O
7182783;O
7182790;O
7182808;O
7182814;O
7182820;O
7182837;O
7182843;O
7182850;O
7182866;O
7182872;O
7182889;O
7182895;O
7182910;O
7182926;O
7182932;O
7182949;O
7182955;O
7182961;O
7182984;O
7182990;O
7183009;O
7183015;O
7183021;O
7183044;O
7183050;O
7183067;O
7183073;O
7183080;O
7183096;O
7183104;O
7183110;O
7183127;O
7183133;O
7183140;O
7183156;O
7183162;O
7183179;O
7183185;O
7183191;O
7183216;O
7183239;O
7183245;O
7183251;O
7183268;O
7183274;O
7183280;O
7183297;O
7183305;O
7183334;O
7183363;O
7183370;O
7183386;O
7183392;O
7184546;O
7184552;O
7184569;O
7184575;O
7184598;O
7184606;O
7184612;O
7184629;O
7184635;O
7184641;O
7184658;O
7184664;O
7184670;O
7184693;O
7184724;O
7184730;O
7184747;O
7184782;O
7184799;O
7186960;O
7191859;O
7198413;O
7198956;O
7198962;O
7200015;S
7200038;S
7200044;S
7200050;S
7200067;S
7200073;S
7200096;S
7200104;S
7200110;S
7200127;S
7200133;S
7200140;S
7200156;S
7200162;S
7200179;S
7200185;S
7200191;S
7200216;S
7200222;S
7200245;S
7200251;S
7200268;S
7200274;S
7200280;S
7200297;S
7200305;S
7200328;S
7200340;S
7200357;S
7200363;S
7200370;S
7200386;S
7200400;S
7200417;S
7200423;S
7200430;S
7200469;S
7200475;S
7200506;S
7200512;S
7200541;S
7200558;S
7200570;S
7200587;S
7200601;S
7200618;S
7200647;S
7200676;S
7200699;S
7200720;S
7200736;S
7200794;S
7200802;S
7200819;S
7200825;S
7200831;S
7200848;S
7200854;S
7200860;S
7200877;S
7200890;S
7200920;S
7200950;S
7200966;S
7200972;S
7200989;S
7200995;S
7201010;S
7201026;S
7201032;S
7201049;S
7201061;S
7201078;S
7201084;S
7201090;S
7201109;S
7201115;S
7201138;S
7201150;S
7201167;S
7201173;S
7201180;S
7201196;S
7201210;S
7201227;S
7201233;S
7201240;S
7201256;S
7201262;S
7201279;S
7201285;S
7201291;S
7201300;S
7201316;S
7201345;S
7201374;S
7201380;S
7201428;S
7201440;S
7201457;S
7201463;S
7201500;S
7201530;S
7201552;S
7201581;S
7201641;S
7201664;S
7201718;S
7201747;S
7201753;S
7201782;S
7201813;S
7201820;S
7201836;S
7201859;S
7201871;S
7201888;S
7201894;S
7201902;S
7201948;S
7201983;S
7202008;S
7202020;S
7202066;S
7202072;S
7202103;S
7202110;S
7202155;S
7202161;S
7202190;S
7202215;S
7202244;S
7202327;S
7202333;S
7202340;S
7202391;S
7202439;S
7202445;S
7202468;S
7202474;S
7202505;S
7202511;S
7202540;S
7202563;S
7202570;S
7202592;S
7202623;S
7202630;S
7202646;S
7202652;S
7202681;S
7202706;S
7202735;S
7202758;S
7202793;S
7202818;S
7202847;S
7202853;S
7202860;S
7202882;S
7202913;S
7202920;S
7202936;S
7202959;S
7202965;S
7203019;S
7203048;S
7203150;S
7203166;S
7203203;S
7203226;S
7203232;S
7203278;S
7203284;S
7203338;S
7203350;S
7203373;S
7203410;S
7203427;S
7203433;S
7203479;S
7203491;S
7203500;S
7203516;S
7203522;S
7203568;S
7203580;S
7203657;S
7203686;S
7203717;S
7203723;S
7203752;S
7203781;S
7203806;S
7203835;S
7203930;S
7203947;S
7203953;S
7203960;S
7204148;S
7204154;S
7204160;S
7204177;S
7204220;S
7204237;S
7204266;S
7204272;S
7204289;S
7204295;S
7204349;S
7204355;S
7204361;S
7204384;S
7204415;S
7204421;S
7204450;S
7204473;S
7204504;S
7204510;S
7204527;S
7204556;S
7204585;S
7204591;S
7204600;S
7204616;S
7204622;S
7204680;S
7204711;S
7204728;S
7204734;S
7204740;S
7204757;S
7204786;S
7204823;S
7204852;S
7204906;S
7204941;S
7204970;S
7204987;S
7205001;S
7205030;S
7205047;S
7205060;S
7205136;S
7205159;S
7205165;S
7205188;S
7205194;S
7205225;S
7205231;S
7205283;S
7205320;S
7205337;S
7205350;S
7205366;S
7205410;S
7205461;S
7205478;S
7205484;S
7205490;S
7205521;S
7205538;S
7205550;S
7205580;S
7205596;S
7205610;S
7205640;S
7205656;S
7205662;S
7205691;S
7205700;S
7205716;S
7205745;S
7205751;S
7205780;S
7205805;S
7205811;S
7205828;S
7205834;S
7205840;S
7205870;S
7205886;S
7205900;S
7205946;S
7205998;S
7206035;S
7206041;S
7206058;S
7206064;S
7206070;S
7206087;S
7206093;S
7206118;S
7206124;S
7206130;S
7206147;S
7206153;S
7206160;S
7206176;S
7206182;S
7206199;S
7206207;S
7206213;S
7206220;S
7206236;S
7206242;S
7206259;S
7206265;S
7206271;S
7206288;S
7206294;S
7206302;S
7206319;S
7206325;S
7206354;S
7206360;S
7206377;S
7206408;S
7206414;S
7206420;S
7206443;S
7206450;S
7206466;S
7206472;S
7206489;S
7206510;S
7206526;S
7206532;S
7206555;S
7206584;S
7206590;S
7206609;S
7206615;S
7206644;S
7206650;S
7206673;S
7206696;S
7206704;S
7206727;S
7206762;S
7206779;S
7206785;S
7206791;S
7206800;S
7206816;S
7206822;S
7206839;S
7206845;S
7206851;S
7206868;S
7206880;S
7206897;S
7206905;S
7206911;S
7206928;S
7206934;S
7206940;S
7206957;S
7206963;S
7206970;S
7206986;S
7206992;S
7207000;S
7207017;S
7207023;S
7207030;S
7207046;S
7207069;S
7207075;S
7207098;S
7207112;S
7207129;S
7207141;S
7207164;S
7207170;S
7207201;S
7207218;S
7207247;S
7207260;S
7207276;S
7207307;S
7207359;S
7207365;S
7207394;S
7207483;S
7207490;S
7207520;S
7207537;S
7207543;S
7207595;S
7207603;S
7207649;S
7207655;S
7207661;S
7207690;S
7207750;S
7207810;S
7207827;S
7207840;S
7207862;S
7207891;S
7207951;S
7207980;S
7208028;S
7208057;S
7208063;S
7208070;S
7208086;S
7208092;S
7208100;S
7208117;S
7208123;S
7208130;S
7208146;S
7208169;S
7208175;S
7208198;S
7208206;S
7208229;S
7208235;S
7208241;S
7208382;S
7208436;S
7208471;S
7208531;S
7208560;S
7208577;S
7208590;S
7208608;S
7208614;S
7208650;S
7208695;S
7208726;S
7208732;S
7208749;S
7208755;S
7208761;S
7208778;S
7208790;S
7208809;S
7208815;S
7208821;S
7208838;S
7208850;S
7208873;S
7208880;S
7208927;S
7208933;S
7208940;S
7208962;S
7208979;S
7208991;S
7209039;S
7209111;S
7209140;S
7209157;S
7209163;S
7209170;S
7209186;S
7209200;S
7209217;S
7209230;S
7209246;S
7209252;S
7209269;S
7209275;S
7209281;S
7209298;S
7209306;S
7209312;S
7209329;S
7209358;S
7209364;S
7209370;S
7209387;S
7209393;S
7209401;S
7209418;S
7209424;S
7209430;S
7209447;S
7209453;S
7209460;S
7209476;S
7209482;S
7209499;S
7209507;S
7209513;S
7209520;S
7209536;S
7209542;S
7209571;S
7209588;S
7209594;S
7209602;S
7209619;S
7209631;S
7209654;S
7209660;S
7209677;S
7209690;S
7209714;S
7209720;S
7209750;S
7209772;S
7209789;S
7209832;S
7209849;S
7209855;S
7209861;S
7209878;S
7209890;S
7209909;S
7209915;S
7209921;S
7209944;S
7209967;S
7209973;S
7209980;S
7209996;S
7210002;S
7210019;S
7210025;S
7210031;S
7210048;S
7210054;S
7210060;S
7210077;S
7210083;S
7210108;S
7210114;S
7210120;S
7210143;S
7210150;S
7210166;S
7210172;S
7210189;S
7210195;S
7210210;S
7210249;S
7210255;S
7210261;S
7210290;S
7210321;S
7210338;S
7210344;S
7210350;S
7210367;S
7210373;S
7210380;S
7210396;S
7210404;S
7210410;S
7210433;S
7210440;S
7210456;S
7210479;S
7210491;S
7210500;S
7210516;S
7210522;S
7210539;S
7210545;S
7210551;S
7210568;S
7210574;S
7210580;S
7210597;S
7210605;S
7210611;S
7210628;S
7210634;S
7210640;S
7210657;S
7210663;S
7210670;S
7210686;S
7210692;S
7210700;S
7210717;S
7210723;S
7210746;S
7210752;S
7210769;S
7210775;S
7210781;S
7210798;S
7210806;S
7210812;S
7210829;S
7210835;S
7210841;S
7210858;S
7210864;S
7210870;S
7210887;S
7210893;S
7210901;S
7210918;S
7210924;S
7210953;S
7210960;S
7210976;S
7210982;S
7210999;S
7211007;S
7211013;S
7211020;S
7211059;S
7211065;S
7211071;S
7211088;S
7211102;S
7211119;S
7211131;S
7211148;S
7211160;S
7211177;S
7211183;S
7211190;S
7211220;S
7211237;S
7211243;S
7211250;S
7211266;S
7211272;S
7211289;S
7211295;S
7211310;S
7211326;S
7211332;S
7211349;S
7211355;S
7211378;S
7211390;S
7211409;S
7211415;S
7211421;S
7211438;S
7211444;S
7211450;S
7211467;S
7211473;S
7211480;S
7211496;S
7211504;S
7211510;S
7211527;S
7211533;S
7211540;S
7211556;S
7211579;S
7211585;S
7211591;S
7211600;S
7211616;S
7211622;S
7211639;S
7211645;S
7211651;S
7211668;S
7211674;S
7211680;S
7211697;S
7211705;S
7211711;S
7211728;S
7211734;S
7211740;S
7211757;S
7211763;S
7211770;S
7211786;S
7211792;S
7211800;S
7211817;S
7211823;S
7211830;S
7211846;S
7211852;S
7211869;S
7211875;S
7211881;S
7211898;S
7211906;S
7211912;S
7211929;S
7211935;S
7211941;S
7211958;S
7211964;S
7211970;S
7211987;S
7211993;S
7212001;S
7212018;S
7212024;S
7212030;S
7212047;S
7212053;S
7212060;S
7212076;S
7212082;S
7212099;S
7212107;S
7212113;S
7212120;S
7212136;S
7212142;S
7212159;S
7212165;S
7212171;S
7212188;S
7212194;S
7212202;S
7212219;S
7212225;S
7212231;S
7212248;S
7212254;S
7212260;S
7212277;S
7212283;S
7212290;S
7212308;S
7212314;S
7212320;S
7212337;S
7212343;S
7212350;S
7212366;S
7212372;S
7212389;S
7212403;S
7212410;S
7212426;S
7212432;S
7212449;S
7212455;S
7212461;S
7212478;S
7212484;S
7212490;S
7212509;S
7212515;S
7212521;S
7212538;S
7212544;S
7212550;S
7212567;S
7212573;S
7212580;S
7212596;S
7212604;S
7212610;S
7212627;S
7212640;S
7212656;S
7212662;S
7212679;S
7212685;S
7212691;S
7212700;S
7212716;S
7212722;S
7212739;S
7212745;S
7212751;S
7212774;S
7212780;S
7212797;S
7212811;S
7212828;S
7212834;S
7212840;S
7212857;S
7212863;S
7212870;S
7212886;S
7212892;S
7212900;S
7212917;S
7212923;S
7212946;S
7212952;S
7212969;S
7212975;S
7212981;S
7212998;S
7213012;S
7213029;S
7213035;S
7213041;S
7213058;S
7213064;S
7213070;S
7213087;S
7213093;S
7213101;S
7213118;S
7213124;S
7213130;S
7213147;S
7213153;S
7213160;S
7213176;S
7213182;S
7213199;S
7213207;S
7213213;S
7213220;S
7213236;S
7213242;S
7213259;S
7213265;S
7213271;S
7213288;S
7213294;S
7213302;S
7213319;S
7213325;S
7213331;S
7213348;S
7213354;S
7213360;S
7213377;S
7213383;S
7213390;S
7213408;S
7213414;S
7213420;S
7213437;S
7213443;S
7213450;S
7213466;S
7213472;S
7213489;S
7213495;S
7213503;S
7213510;S
7213526;S
7213532;S
7213549;S
7213555;S
7213561;S
7213578;S
7213584;S
7213590;S
7213609;S
7213615;S
7213621;S
7213638;S
7213644;S
7213650;S
7213667;S
7213673;S
7213680;S
7213696;S
7213704;S
7213710;S
7213727;S
7213733;S
7213740;S
7213756;S
7213762;S
7213779;S
7213785;S
7213791;S
7213800;S
7213816;S
7213822;S
7213839;S
7213845;S
7213851;S
7213868;S
7213874;S
7213880;S
7213897;S
7213905;S
7213934;S
7213940;S
7213957;S
7213963;S
7213986;S
7213992;S
7214000;S
7214017;S
7214023;S
7214030;S
7214046;S
7214052;S
7214069;S
7214075;S
7214081;S
7214098;S
7214106;S
7214112;S
7214129;S
7214135;S
7214141;S
7214158;S
7214164;S
7214170;S
7214187;S
7214193;S
7214201;S
7214218;S
7214224;S
7214230;S
7214247;S
7214253;S
7214260;S
7214276;S
7214299;S
7214320;S
7214336;S
7214342;S
7214359;S
7214365;S
7214371;S
7214388;S
7214394;S
7214402;S
7214419;S
7214425;S
7214431;S
7214454;S
7214460;S
7214477;S
7214483;S
7214490;S
7214508;S
7214514;S
7214520;S
7214537;S
7214550;S
7214566;S
7214572;S
7214589;S
7214595;S
7214603;S
7214610;S
7214626;S
7214632;S
7214649;S
7214655;S
7214661;S
7214678;S
7214684;S
7214690;S
7214709;S
7214715;S
7214721;S
7214738;S
7214744;S
7214750;S
7214767;S
7214773;S
7214780;S
7214796;S
7214804;S
7214810;S
7214827;S
7214833;S
7214840;S
7214856;S
7214862;S
7214879;S
7214885;S
7214891;S
7214900;S
7214916;S
7214922;S
7214939;S
7214945;S
7214951;S
7214968;S
7214974;S
7214980;S
7214997;S
7215005;S
7215011;S
7215028;S
7215034;S
7215040;S
7215057;S
7215063;S
7215070;S
7215086;S
7215092;S
7215117;S
7215123;S
7215130;S
7215146;S
7215152;S
7215169;S
7215175;S
7215181;S
7215198;S
7215206;S
7215212;S
7215229;S
7215235;S
7215241;S
7215258;S
7215264;S
7215270;S
7215293;S
7215301;S
7215318;S
7215324;S
7215330;S
7215347;S
7215353;S
7215360;S
7215382;S
7215399;S
7215420;S
7215436;S
7215442;S
7215459;S
7215465;S
7215471;S
7215494;S
7215502;S
7215519;S
7215525;S
7215531;S
7215548;S
7215554;S
7215560;S
7215577;S
7215590;S
7215608;S
7215614;S
7215620;S
7215637;S
7215643;S
7215650;S
7215666;S
7215672;S
7215689;S
7215695;S
7215703;S
7215726;S
7215732;S
7215749;S
7215755;S
7215761;S
7215778;S
7215784;S
7215790;S
7215815;S
7215821;S
7215838;S
7215844;S
7215850;S
7215880;S
7215896;S
7215904;S
7215910;S
7215933;S
7215940;S
7215956;S
7215962;S
7215979;S
7215985;S
7215991;S
7216000;S
7216016;S
7216022;S
7216039;S
7216045;S
7216051;S
7216068;S
7216074;S
7216080;S
7216097;S
7216134;S
7216140;S
7216157;S
7216163;S
7216170;S
7216186;S
7216192;S
7216200;S
7216217;S
7216230;S
7216246;S
7216252;S
7216269;S
7216275;S
7216281;S
7216298;S
7216306;S
7216312;S
7216329;S
7216335;S
7216341;S
7216358;S
7216364;S
7216370;S
7216387;S
7216393;S
7216401;S
7216418;S
7216424;S
7216430;S
7216447;S
7216453;S
7216460;S
7216476;S
7216482;S
7216499;S
7216507;S
7216513;S
7216520;S
7216536;S
7216542;S
7216565;S
7216588;S
7216602;S
7216619;S
7216631;S
7216648;S
7216654;S
7216660;S
7216677;S
7216683;S
7216708;S
7216714;S
7216720;S
7216737;S
7216743;S
7216750;S
7216789;S
7216795;S
7216803;S
7216810;S
7216832;S
7216849;S
7216855;S
7216861;S
7216878;S
7216884;S
7216890;S
7216909;S
7216915;S
7216921;S
7216938;S
7216944;S
7216950;S
7216967;S
7216973;S
7216980;S
7216996;S
7217004;S
7217027;S
7217033;S
7217040;S
7217056;S
7217062;S
7217079;S
7217085;S
7217091;S
7217100;S
7217116;S
7217122;S
7217139;S
7217145;S
7217151;S
7217168;S
7217174;S
7217180;S
7217197;S
7217205;S
7217211;S
7217228;S
7217234;S
7217240;S
7217257;S
7217263;S
7217286;S
7217292;S
7217300;S
7217317;S
7217323;S
7217330;S
7217346;S
7217352;S
7217369;S
7217375;S
7217381;S
7217406;S
7217412;S
7217429;S
7217435;S
7217441;S
7217458;S
7217464;S
7217470;S
7217487;S
7217501;S
7217518;S
7217524;S
7217530;S
7217547;S
7217576;S
7217582;S
7217599;S
7217607;S
7217613;S
7217620;S
7217636;S
7217642;S
7217659;S
7217665;S
7217671;S
7217688;S
7217694;S
7217702;S
7217719;S
7217725;S
7217731;S
7217748;S
7217754;S
7217777;S
7217783;S
7217808;S
7217814;S
7217820;S
7217837;S
7217843;S
7217850;S
7217866;S
7217872;S
7217889;S
7217895;S
7217903;S
7217910;S
7217926;S
7217932;S
7217949;S
7217955;S
7217961;S
7217978;S
7217984;S
7217990;S
7218009;S
7218015;S
7218021;S
7218038;S
7218044;S
7218050;S
7218067;S
7218073;S
7218080;S
7218096;S
7218104;S
7218110;S
7218127;S
7218133;S
7218156;S
7218162;S
7218179;S
7218185;S
7218191;S
7218200;S
7218216;S
7218222;S
7218239;S
7218245;S
7218251;S
7218268;S
7218274;S
7218280;S
7218297;S
7218305;S
7218311;S
7218328;S
7218334;S
7218340;S
7218357;S
7218363;S
7218370;S
7218386;S
7218392;S
7218400;S
7218417;S
7218423;S
7218430;S
7218446;S
7218452;S
7218469;S
7218475;S
7218481;S
7218498;S
7218506;S
7218512;S
7218529;S
7218535;S
7218541;S
7218558;S
7218564;S
7218570;S
7218587;S
7218593;S
7218601;S
7218618;S
7218624;S
7218630;S
7218647;S
7218653;S
7218660;S
7218682;S
7218707;S
7218713;S
7218720;S
7218736;S
7218742;S
7218759;S
7218765;S
7218771;S
7218788;S
7218794;S
7218802;S
7218819;S
7218825;S
7218831;S
7218848;S
7218854;S
7218860;S
7218877;S
7218890;S
7218908;S
7218920;S
7218937;S
7218943;S
7218950;S
7218966;S
7218972;S
7218989;S
7218995;S
7219003;S
7219010;S
7219026;S
7219032;S
7219049;S
7219055;S
7219078;S
7219084;S
7219090;S
7219109;S
7219115;S
7219121;S
7219138;S
7219144;S
7219150;S
7219167;S
7219173;S
7219180;S
7219196;S
7219204;S
7219210;S
7219227;S
7219233;S
7219240;S
7219256;S
7219262;S
7219279;S
7219285;S
7219291;S
7219300;S
7219316;S
7219322;S
7219339;S
7219345;S
7219351;S
7219368;S
7219374;S
7219380;S
7219397;S
7219405;S
7219411;S
7219428;S
7219434;S
7219457;S
7219463;S
7219470;S
7219486;S
7219492;S
7219500;S
7219517;S
7219523;S
7219530;S
7219546;S
7219552;S
7219569;S
7219575;S
7219581;S
7219598;S
7219606;S
7219629;S
7219635;S
7219641;S
7219658;S
7219664;S
7219670;S
7219687;S
7219693;S
7219701;S
7219718;S
7219724;S
7219730;S
7219747;S
7219753;S
7219760;S
7219776;S
7219782;S
7219799;S
7219813;S
7219820;S
7219836;S
7219842;S
7219859;S
7219865;S
7219871;S
7219888;S
7219894;S
7219902;S
7219919;S
7219925;S
7219931;S
7219948;S
7219960;S
7219977;S
7219983;S
7219990;S
7220012;S
7220029;S
7220035;S
7220041;S
7220058;S
7220064;S
7220070;S
7220087;S
7220093;S
7220101;S
7220118;S
7220124;S
7220130;S
7220147;S
7220153;S
7220160;S
7220176;S
7220182;S
7220199;S
7220207;S
7220213;S
7220220;S
7220236;S
7220259;S
7220265;S
7220271;S
7220288;S
7220294;S
7220302;S
7220319;S
7220325;S
7220331;S
7220348;S
7220354;S
7220360;S
7220377;S
7220383;S
7220390;S
7220408;S
7220414;S
7220420;S
7220437;S
7220443;S
7220450;S
7220466;S
7220472;S
7220489;S
7220495;S
7220503;S
7220510;S
7220526;S
7220532;S
7220549;S
7220555;S
7220561;S
7220578;S
7220584;S
7220590;S
7220609;S
7220615;S
7220621;S
7220638;S
7220644;S
7220650;S
7220667;S
7220673;S
7220680;S
7220696;S
7220704;S
7220710;S
7220727;S
7220733;S
7220740;S
7220756;S
7220762;S
7220779;S
7220785;S
7220791;S
7220800;S
7220816;S
7220822;S
7220839;S
7220845;S
7220851;S
7220868;S
7220874;S
7220880;S
7220897;S
7220905;S
7220911;S
7220928;S
7220934;S
7220940;S
7220957;S
7220963;S
7220970;S
7220986;S
7220992;S
7221017;S
7221023;S
7221030;S
7221046;S
7221052;S
7221069;S
7221075;S
7221081;S
7221098;S
7221106;S
7221112;S
7221129;S
7221135;S
7221141;S
7221158;S
7221164;S
7221170;S
7221187;S
7221193;S
7221201;S
7221218;S
7221224;S
7221230;S
7221247;S
7221260;S
7221276;S
7221282;S
7221299;S
7221307;S
7221313;S
7221320;S
7221336;S
7221342;S
7221359;S
7221365;S
7221371;S
7221388;S
7221394;S
7221402;S
7221419;S
7221425;S
7221431;S
7221448;S
7221454;S
7221460;S
7221477;S
7221483;S
7221490;S
7221508;S
7221514;S
7221520;S
7221537;S
7221543;S
7221550;S
7221566;S
7221572;S
7221589;S
7221595;S
7221603;S
7221610;S
7221626;S
7221632;S
7221649;S
7221655;S
7221661;S
7221678;S
7221684;S
7221690;S
7221709;S
7221715;S
7221721;S
7221738;S
7221744;S
7221767;S
7221773;S
7221780;S
7221796;S
7221804;S
7221810;S
7221827;S
7221833;S
7221840;S
7221856;S
7221862;S
7221879;S
7221885;S
7221891;S
7221900;S
7221916;S
7221922;S
7221939;S
7221945;S
7221951;S
7221968;S
7221974;S
7221980;S
7221997;S
7222005;S
7222011;S
7222028;S
7222034;S
7222040;S
7222057;S
7222063;S
7222070;S
7222086;S
7222092;S
7222100;S
7222117;S
7222123;S
7222130;S
7222146;S
7222152;S
7222169;S
7222175;S
7222181;S
7222206;S
7222212;S
7222229;S
7222235;S
7222241;S
7222258;S
7222264;S
7222270;S
7222287;S
7222293;S
7222301;S
7222318;S
7222324;S
7222347;S
7222353;S
7222360;S
7222376;S
7222382;S
7222399;S
7222413;S
7222420;S
7222436;S
7222442;S
7222459;S
7222465;S
7222471;S
7222494;S
7222502;S
7222519;S
7222525;S
7222531;S
7222548;S
7222554;S
7222560;S
7222577;S
7222583;S
7222590;S
7222608;S
7222614;S
7222620;S
7222637;S
7222643;S
7222650;S
7222666;S
7222672;S
7222689;S
7222695;S
7222703;S
7222710;S
7222726;S
7222732;S
7222749;S
7222755;S
7222761;S
7222778;S
7222784;S
7222790;S
7222809;S
7222815;S
7222821;S
7222838;S
7222844;S
7222850;S
7222867;S
7222873;S
7222880;S
7222896;S
7222904;S
7222910;S
7222927;S
7222933;S
7222940;S
7222956;S
7222962;S
7222979;S
7222985;S
7222991;S
7223000;S
7223016;S
7223022;S
7223045;S
7223051;S
7223068;S
7223074;S
7223080;S
7223097;S
7223105;S
7223111;S
7223128;S
7223134;S
7223140;S
7223157;S
7223163;S
7223170;S
7223186;S
7223192;S
7223200;S
7223217;S
7223223;S
7223230;S
7223246;S
7223252;S
7223269;S
7223275;S
7223281;S
7223298;S
7223306;S
7223312;S
7223329;S
7223335;S
7223341;S
7223358;S
7223364;S
7223370;S
7223387;S
7223393;S
7223401;S
7223418;S
7223424;S
7223430;S
7223447;S
7223453;S
7223460;S
7223476;S
7223482;S
7223499;S
7223507;S
7223513;S
7223520;S
7223536;S
7223559;S
7223565;S
7223571;S
7223588;S
7223594;S
7223602;S
7223619;S
7223625;S
7223631;S
7223648;S
7223654;S
7223660;S
7223677;S
7223683;S
7223690;S
7223708;S
7223714;S
7223720;S
7223737;S
7223743;S
7223750;S
7223766;S
7223772;S
7223795;S
7223803;S
7223826;S
7223849;S
7223855;S
7223861;S
7223878;S
7223884;S
7223890;S
7223909;S
7223915;S
7223921;S
7223938;S
7223944;S
7223950;S
7223967;S
7223973;S
7223980;S
7223996;S
7224004;S
7224010;S
7224027;S
7224033;S
7224040;S
7224056;S
7224062;S
7224079;S
7224085;S
7224091;S
7224100;S
7224116;S
7224122;S
7224139;S
7224145;S
7224151;S
7224168;S
7224174;S
7224180;S
7224197;S
7224205;S
7224211;S
7224228;S
7224234;S
7224240;S
7224257;S
7224263;S
7224270;S
7224286;S
7224292;S
7224300;S
7224317;S
7224323;S
7224330;S
7224346;S
7224352;S
7224369;S
7224375;S
7224381;S
7224398;S
7224406;S
7224412;S
7224429;S
7224435;S
7224441;S
7224464;S
7224470;S
7224487;S
7224493;S
7224501;S
7224518;S
7224524;S
7224530;S
7224547;S
7224553;S
7224560;S
7224576;S
7224582;S
7224599;S
7224607;S
7224613;S
7224620;S
7224636;S
7224642;S
7224659;S
7224665;S
7224671;S
7224688;S
7224694;S
7224702;S
7224719;S
7224725;S
7224731;S
7224748;S
7224754;S
7224760;S
7224777;S
7224783;S
7224808;S
7224814;S
7224820;S
7224837;S
7224843;S
7224850;S
7224866;S
7224872;S
7224889;S
7224895;S
7224903;S
7224910;S
7224926;S
7224932;S
7224949;S
7224955;S
7224961;S
7224978;S
7224984;S
7224990;S
7225009;S
7225015;S
7225021;S
7225038;S
7225044;S
7225050;S
7225067;S
7225073;S
7225080;S
7225096;S
7225104;S
7225140;S
7225156;S
7225162;S
7225179;S
7225185;S
7225191;S
7225216;S
7225222;S
7225239;S
7225245;S
7225251;S
7225268;S
7225274;S
7225280;S
7225297;S
7225311;S
7225328;S
7225334;S
7225340;S
7225357;S
7225363;S
7225370;S
7225386;S
7225392;S
7225400;S
7225417;S
7225423;S
7225430;S
7225446;S
7225452;S
7225469;S
7225475;S
7225481;S
7225498;S
7225506;S
7225512;S
7225529;S
7225535;S
7225541;S
7225564;S
7225570;S
7225587;S
7225593;S
7225601;S
7225618;S
7225624;S
7225630;S
7225647;S
7225653;S
7225660;S
7225676;S
7225682;S
7225699;S
7225707;S
7225713;S
7225720;S
7225736;S
7225742;S
7225759;S
7225765;S
7225771;S
7225788;S
7225794;S
7225802;S
7225819;S
7225825;S
7225831;S
7225848;S
7225854;S
7225860;S
7225877;S
7225883;S
7225890;S
7225908;S
7225914;S
7225920;S
7225937;S
7225943;S
7225950;S
7225966;S
7225972;S
7225989;S
7225995;S
7226003;S
7226010;S
7226026;S
7226032;S
7226049;S
7226055;S
7226061;S
7226078;S
7226084;S
7226090;S
7226109;S
7226115;S
7226121;S
7226138;S
7226144;S
7226150;S
7226167;S
7226173;S
7226180;S
7226196;S
7226204;S
7226210;S
7226227;S
7226233;S
7226240;S
7226256;S
7226262;S
7226279;S
7226285;S
7226291;S
7226300;S
7226316;S
7226322;S
7226339;S
7226345;S
7226351;S
7226368;S
7226374;S
7226380;S
7226397;S
7226405;S
7226411;S
7226428;S
7226434;S
7226440;S
7226457;S
7226463;S
7226470;S
7226486;S
7226492;S
7226500;S
7226517;S
7226523;S
7226530;S
7226546;S
7226552;S
7226569;S
7226575;S
7226581;S
7226598;S
7226606;S
7226612;S
7226629;S
7226635;S
7226641;S
7226664;S
7226670;S
7226693;S
7226701;S
7226718;S
7226724;S
7226730;S
7226747;S
7226753;S
7226760;S
7226776;S
7226782;S
7226799;S
7226807;S
7226813;S
7226820;S
7226836;S
7226842;S
7226859;S
7226865;S
7226871;S
7226888;S
7226894;S
7226902;S
7226919;S
7226925;S
7226931;S
7226948;S
7226954;S
7226960;S
7226977;S
7227014;S
7227020;S
7227037;S
7227043;S
7227050;S
7227066;S
7227072;S
7227089;S
7227095;S
7227103;S
7227110;S
7227126;S
7227132;S
7227149;S
7227155;S
7227161;S
7227178;S
7227184;S
7227190;S
7227209;S
7227215;S
7227221;S
7227238;S
7227244;S
7227250;S
7227267;S
7227273;S
7227280;S
7227296;S
7227304;S
7227310;S
7227327;S
7227333;S
7227340;S
7227356;S
7227362;S
7227379;S
7227385;S
7227391;S
7227400;S
7227416;S
7227422;S
7227439;S
7227451;S
7227468;S
7227474;S
7227480;S
7227497;S
7227505;S
7227511;S
7227528;S
7227534;S
7227540;S
7227557;S
7227563;S
7227570;S
7227586;S
7227592;S
7227600;S
7227617;S
7227623;S
7227630;S
7227646;S
7227652;S
7227669;S
7227675;S
7227681;S
7227698;S
7227712;S
7227729;S
7227735;S
7227741;S
7227758;S
7227764;S
7227770;S
7227787;S
7227793;S
7227801;S
7227818;S
7227824;S
7227830;S
7227847;S
7227853;S
7227860;S
7227876;S
7227882;S
7227899;S
7227907;S
7227913;S
7227920;S
7227936;S
7227942;S
7227959;S
7227965;S
7227971;S
7227988;S
7227994;S
7228002;S
7228019;S
7228025;S
7228031;S
7228048;S
7228054;S
7228060;S
7228077;S
7228083;S
7228090;S
7228108;S
7228114;S
7228120;S
7228137;S
7228143;S
7228150;S
7228166;S
7228172;S
7228189;S
7228195;S
7228203;S
7228210;S
7228226;S
7228232;S
7228249;S
7228255;S
7228278;S
7228284;S
7228290;S
7228309;S
7228315;S
7228321;S
7228338;S
7228344;S
7228350;S
7228367;S
7228373;S
7228380;S
7228396;S
7228404;S
7228410;S
7228427;S
7228440;S
7228456;S
7228462;S
7228479;S
7228485;S
7228491;S
7228500;S
7228516;S
7228522;S
7228539;S
7228545;S
7228551;S
7228568;S
7228574;S
7228580;S
7228597;S
7228605;S
7228611;S
7228628;S
7228634;S
7228640;S
7228657;S
7228663;S
7228670;S
7228686;S
7228692;S
7228700;S
7228717;S
7228723;S
7228730;S
7228746;S
7228752;S
7228769;S
7228775;S
7228781;S
7228798;S
7228812;S
7228835;S
7228841;S
7228858;S
7228864;S
7228870;S
7228887;S
7228893;S
7228901;S
7228918;S
7228924;S
7228930;S
7228947;S
7228953;S
7228960;S
7228976;S
7228982;S
7228999;S
7229007;S
7229013;S
7229020;S
7229036;S
7229042;S
7229059;S
7229065;S
7229071;S
7229088;S
7229094;S
7229119;S
7229125;S
7229131;S
7229148;S
7229154;S
7229160;S
7229177;S
7229183;S
7229190;S
7229208;S
7229214;S
7229220;S
7229237;S
7229243;S
7229250;S
7229266;S
7229272;S
7229289;S
7229295;S
7229303;S
7229310;S
7229326;S
7229332;S
7229349;S
7229355;S
7229361;S
7229378;S
7229384;S
7229390;S
7229409;S
7229415;S
7229421;S
7229438;S
7229444;S
7229450;S
7229467;S
7229473;S
7229480;S
7229496;S
7229504;S
7229510;S
7229527;S
7229533;S
7229540;S
7229556;S
7229562;S
7229579;S
7229585;S
7229591;S
7229600;S
7229616;S
7229622;S
7229639;S
7229645;S
7229651;S
7229668;S
7229674;S
7229680;S
7229697;S
7229705;S
7229711;S
7229728;S
7229734;S
7229740;S
7229763;S
7229770;S
7229786;S
7229792;S
7229800;S
7229823;S
7229830;S
7229846;S
7229852;S
7229869;S
7229875;S
7229881;S
7229898;S
7229912;S
7229929;S
7229935;S
7229941;S
7229958;S
7229964;S
7229970;S
7229987;S
7229993;S
7230000;S
7230016;S
7230022;S
7230039;S
7230068;S
7230111;S
7230134;S
7230140;S
7230163;S
7230170;S
7230186;S
7230192;S
7230200;S
7230217;S
7230230;S
7230246;S
7230252;S
7230269;S
7230275;S
7230298;S
7230312;S
7230329;S
7230335;S
7230341;S
7230358;S
7230364;S
7230370;S
7230387;S
7230393;S
7230401;S
7230418;S
7230424;S
7230430;S
7230447;S
7230453;S
7230460;S
7230476;S
7230482;S
7230507;S
7230513;S
7230520;S
7230542;S
7230559;S
7230565;S
7230571;S
7230594;S
7230619;S
7230625;S
7230631;S
7230648;S
7230654;S
7230677;S
7230690;S
7230708;S
7230714;S
7230720;S
7230737;S
7230750;S
7230766;S
7230772;S
7230789;S
7230795;S
7230803;S
7230810;S
7230826;S
7230832;S
7230849;S
7230855;S
7230884;S
7230890;S
7230915;S
7230921;S
7230938;S
7230944;S
7230950;S
7230967;S
7230980;S
7230996;S
7231004;S
7231010;S
7231027;S
7231040;S
7231062;S
7231079;S
7231085;S
7231091;S
7231100;S
7231116;S
7231139;S
7231145;S
7231151;S
7231174;S
7231180;S
7231197;S
7231205;S
7231228;S
7231234;S
7231240;S
7231257;S
7231263;S
7231270;S
7231286;S
7231292;S
7231300;S
7231323;S
7231330;S
7231346;S
7231352;S
7231369;S
7231375;S
7231381;S
7231398;S
7231406;S
7231412;S
7231429;S
7231435;S
7231441;S
7231458;S
7231464;S
7231470;S
7231487;S
7231501;S
7231524;S
7231530;S
7231547;S
7231553;S
7231560;S
7231576;S
7231582;S
7231599;S
7231607;S
7231613;S
7231620;S
7231636;S
7231659;S
7231665;S
7231671;S
7231688;S
7231694;S
7231719;S
7231731;S
7231748;S
7231754;S
7231760;S
7231777;S
7231783;S
7231790;S
7231814;S
7231820;S
7231837;S
7231843;S
7231850;S
7231866;S
7231872;S
7231889;S
7231895;S
7231926;S
7231932;S
7231949;S
7231955;S
7231961;S
7231978;S
7231984;S
7231990;S
7232009;S
7232021;S
7232038;S
7232044;S
7232050;S
7232080;S
7232104;S
7232110;S
7232127;S
7232133;S
7232140;S
7232156;S
7232162;S
7232179;S
7232185;S
7232191;S
7232200;S
7232216;S
7232222;S
7232239;S
7232245;S
7232251;S
7232268;S
7232274;S
7232280;S
7232297;S
7232311;S
7232328;S
7232334;S
7232340;S
7232357;S
7232363;S
7232370;S
7232386;S
7232392;S
7232400;S
7232423;S
7232430;S
7232446;S
7232452;S
7232469;S
7232475;S
7232481;S
7232506;S
7232512;S
7232529;S
7232535;S
7232541;S
7232558;S
7232564;S
7232570;S
7232587;S
7232593;S
7232624;S
7232630;S
7232647;S
7232653;S
7232660;S
7232676;S
7232682;S
7232699;S
7232707;S
7232713;S
7232720;S
7232736;S
7232742;S
7232759;S
7232765;S
7232771;S
7232788;S
7232802;S
7232819;S
7232825;S
7232831;S
7232848;S
7232854;S
7232860;S
7232877;S
7232883;S
7232890;S
7232908;S
7232914;S
7232920;S
7232937;S
7232943;S
7232950;S
7232972;S
7232989;S
7232995;S
7233010;S
7233026;S
7233032;S
7233049;S
7233055;S
7233078;S
7233084;S
7233090;S
7233109;S
7233121;S
7233150;S
7233167;S
7233173;S
7233196;S
7233204;S
7233210;S
7233227;S
7233240;S
7233256;S
7233262;S
7233279;S
7233285;S
7233316;S
7233322;S
7233339;S
7233345;S
7233351;S
7233368;S
7233374;S
7233380;S
7233397;S
7233411;S
7233428;S
7233434;S
7233440;S
7233457;S
7233470;S
7233486;S
7233492;S
7233500;S
7233517;S
7233523;S
7233530;S
7233546;S
7233552;S
7233569;S
7233575;S
7233581;S
7233598;S
7233606;S
7233612;S
7233629;S
7233635;S
7233658;S
7233664;S
7233670;S
7233687;S
7233693;S
7233701;S
7233718;S
7233724;S
7233730;S
7233753;S
7233760;S
7233776;S
7233782;S
7233799;S
7233807;S
7233813;S
7233820;S
7233836;S
7233842;S
7233859;S
7233865;S
7233871;S
7233888;S
7233894;S
7233902;S
7233919;S
7233925;S
7233931;S
7233948;S
7233954;S
7233977;S
7233983;S
7234008;S
7234020;S
7234037;S
7234050;S
7234089;S
7234095;S
7234103;S
7234126;S
7234149;S
7234161;S
7234178;S
7234190;S
7234209;S
7234238;S
7234244;S
7234267;S
7234273;S
7234280;S
7234296;S
7234304;S
7234310;S
7234333;S
7234340;S
7234362;S
7234379;S
7234385;S
7234391;S
7234400;S
7234416;S
7234422;S
7234439;S
7234451;S
7234468;S
7234474;S
7234480;S
7234497;S
7234505;S
7234528;S
7234540;S
7234557;S
7234563;S
7234570;S
7234586;S
7234592;S
7234600;S
7234617;S
7234623;S
7234630;S
7234646;S
7234652;S
7234669;S
7234675;S
7234681;S
7234698;S
7234706;S
7234712;S
7234729;S
7234735;S
7234758;S
7234764;S
7234770;S
7234787;S
7234793;S
7234830;S
7234847;S
7234853;S
7234860;S
7234876;S
7234882;S
7234907;S
7234913;S
7234920;S
7234936;S
7234942;S
7234959;S
7234965;S
7234971;S
7234994;S
7235025;S
7235054;S
7235060;S
7235083;S
7235090;S
7235114;S
7235120;S
7235137;S
7235143;S
7235150;S
7235172;S
7235195;S
7235203;S
7235210;S
7235226;S
7235249;S
7235255;S
7235261;S
7235278;S
7235284;S
7235315;S
7235321;S
7235338;S
7235344;S
7235367;S
7235373;S
7235380;S
7235396;S
7235404;S
7235427;S
7235433;S
7235440;S
7235456;S
7235479;S
7235485;S
7235491;S
7235516;S
7235522;S
7235539;S
7235545;S
7235551;S
7235574;S
7235580;S
7235605;S
7235611;S
7235628;S
7235634;S
7235640;S
7235657;S
7235663;S
7235670;S
7235686;S
7235700;S
7235717;S
7235723;S
7235730;S
7235746;S
7235769;S
7235775;S
7235781;S
7235798;S
7235806;S
7235812;S
7235829;S
7235835;S
7235841;S
7235858;S
7235864;S
7235870;S
7235887;S
7235893;S
7235901;S
7235918;S
7235947;S
7235953;S
7235960;S
7235976;S
7235982;S
7235999;S
7236007;S
7236013;S
7236020;S
7236036;S
7236059;S
7236065;S
7236071;S
7236088;S
7236119;S
7236125;S
7236131;S
7236148;S
7236154;S
7236160;S
7236177;S
7236183;S
7236190;S
7236208;S
7236214;S
7236220;S
7236237;S
7236243;S
7236250;S
7236266;S
7236272;S
7236289;S
7236295;S
7236303;S
7236310;S
7236326;S
7236349;S
7236355;S
7236361;S
7236378;S
7236384;S
7236409;S
7236415;S
7236421;S
7236438;S
7236444;S
7236467;S
7236480;S
7236496;S
7236504;S
7236510;S
7236533;S
7236540;S
7236556;S
7236562;S
7236585;S
7236591;S
7236600;S
7236616;S
7236622;S
7236639;S
7236645;S
7236651;S
7236668;S
7236674;S
7236680;S
7236697;S
7236705;S
7236711;S
7236728;S
7236734;S
7236757;S
7236763;S
7236770;S
7236786;S
7236792;S
7236800;S
7236817;S
7236823;S
7236830;S
7236846;S
7236852;S
7236869;S
7236875;S
7236881;S
7236898;S
7236906;S
7236912;S
7236929;S
7236935;S
7236941;S
7236958;S
7236964;S
7236970;S
7236987;S
7236993;S
7237001;S
7237018;S
7237024;S
7237030;S
7237047;S
7237053;S
7237060;S
7237076;S
7237099;S
7237107;S
7237113;S
7237120;S
7237136;S
7237142;S
7237159;S
7237165;S
7237171;S
7237188;S
7237194;S
7237202;S
7237219;S
7237225;S
7237231;S
7237248;S
7237254;S
7237260;S
7237277;S
7237283;S
7237290;S
7237308;S
7237314;S
7237337;S
7237350;S
7237366;S
7237372;S
7237389;S
7237395;S
7237403;S
7237410;S
7237426;S
7237432;S
7237455;S
7237461;S
7237478;S
7237484;S
7237490;S
7237515;S
7237538;S
7237544;S
7237550;S
7237567;S
7237573;S
7237580;S
7237596;S
7237604;S
7237610;S
7237627;S
7237633;S
7237640;S
7237656;S
7237662;S
7237679;S
7237685;S
7237691;S
7237700;S
7237739;S
7237745;S
7237751;S
7237768;S
7237774;S
7237780;S
7237797;S
7237805;S
7237811;S
7237828;S
7237834;S
7237840;S
7237857;S
7237870;S
7237886;S
7237892;S
7237917;S
7237923;S
7237930;S
7237946;S
7237952;S
7237969;S
7237975;S
7237998;S
7238006;S
7238012;S
7238029;S
7238035;S
7238041;S
7238058;S
7238064;S
7238070;S
7238087;S
7238093;S
7238118;S
7238124;S
7238130;S
7238147;S
7238153;S
7238160;S
7238176;S
7238182;S
7238199;S
7238207;S
7238213;S
7238220;S
7238236;S
7238242;S
7238259;S
7238265;S
7238271;S
7238288;S
7238294;S
7238302;S
7238319;S
7238325;S
7238348;S
7238354;S
7238360;S
7238377;S
7238383;S
7238390;S
7238408;S
7238414;S
7238420;S
7238437;S
7238443;S
7238450;S
7238466;S
7238472;S
7238489;S
7238503;S
7238526;S
7238532;S
7238549;S
7238555;S
7238561;S
7238578;S
7238584;S
7238590;S
7238609;S
7238615;S
7238621;S
7238638;S
7238644;S
7238650;S
7238667;S
7238673;S
7238680;S
7238696;S
7238704;S
7238710;S
7238727;S
7238733;S
7238740;S
7238756;S
7238779;S
7238785;S
7238791;S
7238800;S
7238822;S
7238845;S
7238851;S
7238868;S
7238874;S
7238880;S
7238897;S
7238905;S
7238911;S
7238928;S
7238934;S
7238940;S
7238957;S
7238963;S
7238970;S
7238986;S
7238992;S
7239000;S
7239017;S
7239023;S
7239030;S
7239046;S
7239052;S
7239069;S
7239075;S
7239098;S
7239112;S
7239129;S
7239135;S
7239141;S
7239158;S
7239170;S
7239193;S
7239201;S
7239218;S
7239224;S
7239230;S
7239247;S
7239253;S
7239260;S
7239276;S
7239282;S
7239299;S
7239307;S
7239313;S
7239320;S
7239336;S
7239342;S
7239359;S
7239371;S
7239388;S
7239394;S
7239402;S
7239419;S
7239425;S
7239431;S
7239448;S
7239454;S
7239460;S
7239477;S
7239483;S
7239490;S
7239508;S
7239514;S
7239537;S
7239543;S
7239550;S
7239566;S
7239572;S
7239589;S
7239595;S
7239603;S
7239610;S
7239626;S
7239632;S
7239649;S
7239655;S
7239661;S
7239678;S
7239684;S
7239690;S
7239709;S
7239715;S
7239721;S
7239738;S
7239744;S
7239750;S
7239773;S
7239780;S
7239796;S
7239804;S
7239810;S
7239827;S
7239833;S
7239840;S
7239856;S
7239862;S
7239879;S
7239885;S
7239900;S
7239922;S
7239939;S
7239945;S
7239951;S
7239968;S
7239980;S
7239997;S
7240003;S
7240010;S
7240026;S
7240032;S
7240049;S
7240055;S
7240061;S
7240078;S
7240084;S
7240090;S
7240109;S
7240115;S
7240121;S
7240138;S
7240144;S
7240150;S
7240167;S
7240173;S
7240196;S
7240204;S
7240210;S
7240227;S
7240233;S
7240256;S
7240262;S
7240279;S
7240285;S
7240291;S
7240300;S
7240316;S
7240339;S
7240345;S
7240351;S
7240368;S
7240374;S
7240411;S
7240428;S
7240434;S
7240440;S
7240457;S
7240463;S
7240470;S
7240486;S
7240492;S
7240517;S
7240523;S
7240530;S
7240546;S
7240552;S
7240575;S
7240598;S
7240606;S
7240612;S
7240629;S
7240635;S
7240641;S
7240664;S
7240670;S
7240687;S
7240693;S
7240701;S
7240718;S
7240724;S
7240730;S
7240747;S
7240760;S
7240776;S
7240799;S
7240807;S
7240820;S
7240859;S
7240865;S
7240871;S
7240888;S
7240902;S
7240925;S
7240931;S
7240948;S
7240960;S
7240977;S
7240983;S
7240990;S
7241020;S
7241037;S
7241043;S
7241050;S
7241066;S
7241089;S
7241095;S
7241103;S
7241110;S
7241126;S
7241132;S
7241149;S
7241155;S
7241178;S
7241190;S
7241209;S
7241215;S
7241221;S
7241238;S
7241244;S
7241250;S
7241267;S
7241273;S
7241280;S
7241296;S
7241304;S
7241327;S
7241333;S
7241340;S
7241356;S
7241362;S
7241379;S
7241391;S
7241400;S
7241416;S
7241422;S
7241439;S
7241451;S
7241468;S
7241480;S
7241505;S
7241511;S
7241534;S
7241563;S
7241570;S
7241586;S
7241592;S
7241623;S
7241646;S
7241652;S
7241669;S
7241675;S
7241698;S
7241706;S
7241712;S
7241729;S
7241758;S
7241764;S
7241770;S
7241787;S
7241793;S
7241818;S
7241824;S
7241830;S
7241847;S
7241853;S
7241860;S
7241876;S
7241882;S
7241899;S
7241913;S
7241920;S
7241936;S
7241942;S
7241959;S
7241971;S
7241988;S
7241994;S
7242002;S
7242019;S
7242025;S
7242031;S
7242048;S
7242054;S
7242060;S
7242077;S
7242083;S
7242090;S
7242108;S
7242114;S
7242120;S
7242137;S
7242143;S
7242150;S
7242166;S
7242195;S
7242203;S
7242210;S
7242226;S
7242232;S
7242255;S
7242261;S
7242284;S
7242290;S
7242309;S
7242350;S
7242367;S
7242373;S
7242396;S
7242410;S
7242427;S
7242456;S
7242462;S
7242479;S
7242485;S
7242491;S
7242500;S
7242516;S
7242522;S
7242539;S
7242545;S
7242551;S
7242568;S
7242574;S
7242580;S
7242597;S
7242605;S
7242611;S
7242628;S
7242634;S
7242640;S
7242657;S
7242663;S
7242670;S
7242686;S
7242692;S
7242700;S
7242717;S
7242723;S
7242730;S
7242746;S
7242752;S
7242769;S
7242775;S
7242781;S
7242798;S
7242812;S
7242829;S
7242835;S
7242841;S
7242858;S
7242864;S
7242870;S
7242887;S
7242893;S
7242918;S
7242924;S
7242930;S
7242947;S
7242953;S
7242976;S
7242999;S
7243007;S
7243013;S
7243020;S
7243036;S
7243042;S
7243059;S
7243065;S
7243071;S
7243088;S
7243094;S
7243102;S
7243119;S
7243125;S
7243131;S
7243148;S
7243154;S
7243160;S
7243177;S
7243190;S
7243208;S
7243214;S
7243220;S
7243237;S
7243243;S
7243266;S
7243272;S
7243289;S
7243295;S
7243310;S
7243326;S
7243332;S
7243349;S
7243355;S
7243361;S
7243378;S
7243384;S
7243390;S
7243415;S
7243438;S
7243444;S
7243450;S
7243467;S
7243480;S
7243496;S
7243504;S
7243510;S
7243527;S
7243533;S
7243540;S
7243556;S
7243562;S
7243585;S
7243591;S
7243600;S
7243616;S
7243622;S
7243639;S
7243645;S
7243668;S
7243674;S
7243680;S
7243697;S
7243705;S
7243711;S
7243728;S
7243740;S
7243757;S
7243763;S
7243770;S
7243786;S
7243792;S
7243800;S
7243817;S
7243823;S
7243846;S
7243852;S
7243869;S
7243875;S
7243881;S
7243898;S
7243906;S
7243912;S
7243929;S
7243935;S
7243941;S
7243958;S
7243964;S
7243970;S
7243987;S
7243993;S
7244001;S
7244018;S
7244024;S
7244030;S
7244047;S
7244082;S
7244107;S
7244113;S
7244120;S
7244136;S
7244142;S
7244159;S
7244165;S
7244171;S
7244194;S
7244219;S
7244225;S
7244231;S
7244248;S
7244254;S
7244260;S
7244277;S
7244290;S
7244308;S
7244314;S
7244320;S
7244337;S
7244350;S
7244372;S
7244389;S
7244395;S
7244403;S
7244410;S
7244426;S
7244432;S
7244449;S
7244455;S
7244461;S
7244484;S
7244490;S
7244509;S
7244515;S
7244521;S
7244538;S
7244544;S
7244550;S
7244567;S
7244580;S
7244596;S
7244604;S
7244610;S
7244633;S
7244656;S
7244662;S
7244679;S
7244685;S
7244691;S
7244700;S
7244716;S
7244722;S
7244739;S
7244745;S
7244751;S
7244768;S
7244774;S
7244780;S
7244797;S
7244811;S
7244828;S
7244834;S
7244840;S
7244857;S
7244863;S
7244870;S
7244886;S
7244900;S
7244917;S
7244923;S
7244930;S
7244946;S
7244952;S
7244969;S
7244975;S
7244981;S
7244998;S
7245006;S
7245012;S
7245035;S
7245093;S
7245101;S
7245118;S
7245124;S
7245130;S
7245147;S
7245153;S
7245160;S
7245176;S
7245199;S
7245207;S
7245213;S
7245220;S
7245236;S
7245242;S
7245259;S
7245265;S
7245271;S
7245288;S
7245294;S
7245302;S
7245319;S
7245325;S
7245331;S
7245354;S
7245360;S
7245377;S
7245383;S
7245390;S
7245408;S
7245414;S
7245437;S
7245443;S
7245450;S
7245466;S
7245472;S
7245489;S
7245503;S
7245510;S
7245526;S
7245532;S
7245555;S
7245578;S
7245584;S
7245590;S
7245609;S
7245615;S
7245621;S
7245638;S
7245644;S
7245667;S
7245673;S
7245696;S
7245704;S
7245710;S
7245727;S
7245733;S
7245740;S
7245756;S
7245762;S
7245779;S
7245785;S
7245791;S
7245816;S
7245822;S
7245839;S
7245845;S
7245868;S
7245880;S
7245897;S
7245905;S
7245911;S
7245928;S
7245934;S
7245940;S
7245957;S
7245963;S
7245970;S
7245986;S
7246000;S
7246017;S
7246023;S
7246030;S
7246046;S
7246052;S
7246069;S
7246075;S
7246081;S
7246098;S
7246106;S
7246129;S
7246135;S
7246141;S
7246158;S
7246164;S
7246170;S
7246187;S
7246193;S
7246201;S
7246218;S
7246224;S
7246230;S
7246247;S
7246253;S
7246260;S
7246276;S
7246282;S
7246299;S
7246307;S
7246313;S
7246320;S
7246342;S
7246359;S
7246365;S
7246388;S
7246394;S
7246419;S
7246425;S
7246448;S
7246454;S
7246460;S
7246477;S
7246483;S
7246490;S
7246508;S
7246514;S
7246520;S
7246537;S
7246543;S
7246550;S
7246572;S
7246589;S
7246595;S
7246603;S
7246610;S
7246632;S
7246649;S
7246655;S
7246661;S
7246684;S
7246709;S
7246715;S
7246721;S
7246738;S
7246744;S
7246750;S
7246767;S
7246773;S
7246780;S
7246804;S
7246810;S
7246827;S
7246833;S
7246840;S
7246862;S
7246885;S
7246891;S
7246900;S
7246916;S
7246922;S
7246939;S
7246945;S
7246951;S
7246968;S
7246974;S
7246980;S
7246997;S
7247005;S
7247011;S
7247028;S
7247063;S
7247070;S
7247086;S
7247092;S
7247100;S
7247117;S
7247123;S
7247130;S
7247146;S
7247152;S
7247169;S
7247175;S
7247181;S
7247198;S
7247206;S
7247229;S
7247235;S
7247241;S
7247258;S
7247264;S
7247270;S
7247287;S
7247293;S
7247301;S
7247324;S
7247330;S
7247347;S
7247353;S
7247360;S
7247376;S
7247382;S
7247399;S
7247407;S
7247420;S
7247436;S
7247442;S
7247459;S
7247465;S
7247471;S
7247488;S
7247494;S
7247502;S
7247519;S
7247525;S
7247531;S
7247548;S
7247554;S
7247560;S
7247577;S
7247583;S
7247590;S
7247614;S
7247620;S
7247637;S
7247643;S
7247650;S
7247666;S
7247672;S
7247695;S
7247703;S
7247710;S
7247726;S
7247732;S
7247749;S
7247755;S
7247761;S
7247778;S
7247784;S
7247809;S
7247815;S
7247821;S
7247838;S
7247844;S
7247850;S
7247867;S
7247873;S
7247880;S
7247896;S
7247910;S
7247927;S
7247933;S
7247940;S
7247956;S
7247962;S
7247979;S
7247985;S
7247991;S
7248000;S
7248016;S
7248022;S
7248039;S
7248045;S
7248051;S
7248068;S
7248074;S
7248080;S
7248097;S
7248105;S
7248111;S
7248128;S
7248134;S
7248140;S
7248157;S
7248163;S
7248170;S
7248186;S
7248192;S
7248200;S
7248217;S
7248223;S
7248230;S
7248246;S
7248252;S
7248269;S
7248275;S
7248298;S
7248306;S
7248312;S
7248329;S
7248335;S
7248341;S
7248358;S
7248364;S
7248370;S
7248387;S
7248393;S
7248401;S
7248418;S
7248424;S
7248430;S
7248447;S
7248453;S
7248460;S
7248476;S
7248482;S
7248499;S
7248507;S
7248513;S
7248520;S
7248536;S
7248559;S
7248565;S
7248571;S
7248588;S
7248594;S
7248602;S
7248619;S
7248625;S
7248631;S
7248648;S
7248654;S
7248660;S
7248677;S
7248683;S
7248690;S
7248708;S
7248720;S
7248737;S
7248743;S
7248750;S
7248766;S
7248772;S
7248789;S
7248795;S
7248810;S
7248826;S
7248832;S
7248849;S
7248855;S
7248861;S
7248878;S
7248884;S
7248890;S
7248909;S
7248915;S
7248921;S
7248938;S
7248944;S
7248950;S
7248967;S
7248973;S
7248980;S
7248996;S
7249004;S
7249010;S
7249027;S
7249033;S
7249040;S
7249062;S
7249079;S
7249085;S
7249091;S
7249100;S
7249116;S
7249122;S
7249151;S
7249168;S
7249174;S
7249180;S
7249197;S
7249205;S
7249228;S
7249234;S
7249257;S
7249263;S
7249270;S
7249286;S
7249292;S
7249300;S
7249317;S
7249323;S
7249330;S
7249346;S
7249352;S
7249369;S
7249375;S
7249381;S
7249398;S
7249406;S
7249412;S
7249429;S
7249435;S
7249441;S
7249458;S
7249464;S
7249487;S
7249493;S
7249501;S
7249518;S
7249524;S
7249530;S
7249547;S
7249553;S
7249560;S
7249576;S
7249599;S
7249607;S
7249613;S
7249620;S
7249636;S
7249642;S
7249659;S
7249665;S
7249671;S
7249694;S
7249719;S
7249725;S
7249731;S
7249748;S
7249754;S
7249760;S
7249777;S
7249783;S
7249790;S
7249808;S
7249814;S
7249820;S
7249837;S
7249843;S
7249850;S
7249866;S
7249872;S
7249889;S
7249895;S
7249903;S
7249910;S
7249926;S
7249932;S
7249949;S
7249955;S
7249961;S
7249978;S
7249984;S
7249990;S
7250007;S
7250013;S
7250020;S
7250036;S
7250042;S
7250059;S
7250065;S
7250071;S
7250088;S
7250094;S
7250102;S
7250119;S
7250125;S
7250131;S
7250148;S
7250154;S
7250160;S
7250177;S
7250183;S
7250190;S
7250208;S
7250214;S
7250220;S
7250237;S
7250243;S
7250250;S
7250266;S
7250272;S
7250289;S
7250295;S
7250303;S
7250310;S
7250326;S
7250332;S
7250349;S
7250355;S
7250361;S
7250378;S
7250384;S
7250390;S
7250409;S
7250415;S
7250421;S
7250438;S
7250444;S
7250450;S
7250467;S
7250473;S
7250480;S
7250496;S
7250504;S
7250510;S
7250527;S
7250533;S
7250540;S
7250556;S
7250562;S
7250579;S
7250585;S
7250591;S
7250600;S
7250616;S
7250622;S
7250639;S
7250645;S
7250651;S
7250668;S
7250674;S
7250680;S
7250697;S
7250705;S
7250711;S
7250728;S
7250734;S
7250740;S
7250757;S
7250763;S
7250770;S
7250786;S
7250792;S
7250800;S
7250817;S
7250823;S
7250830;S
7250846;S
7250852;S
7250869;S
7250875;S
7250881;S
7250898;S
7250906;S
7250912;S
7250929;S
7250935;S
7250941;S
7250958;S
7250964;S
7250970;S
7250987;S
7250993;S
7251001;S
7251018;S
7251024;S
7251030;S
7251047;S
7251053;S
7251060;S
7251076;S
7251082;S
7251099;S
7251107;S
7251113;S
7251120;S
7251136;S
7251142;S
7251159;S
7251165;S
7251171;S
7251188;S
7251194;S
7251202;S
7251219;S
7251225;S
7251231;S
7251248;S
7251254;S
7251260;S
7251277;S
7251283;S
7251290;S
7251308;S
7251314;S
7251320;S
7251337;S
7251343;S
7251350;S
7251366;S
7251372;S
7251389;S
7251395;S
7251403;S
7251410;S
7251426;S
7251432;S
7251449;S
7251455;S
7251461;S
7251478;S
7251484;S
7251490;S
7251509;S
7251515;S
7251521;S
7251538;S
7251544;S
7251550;S
7251567;S
7251573;S
7251580;S
7251596;S
7251604;S
7251610;S
7251627;S
7251633;S
7251640;S
7251656;S
7251662;S
7251679;S
7251685;S
7251691;S
7251700;S
7251716;S
7251722;S
7251739;S
7251745;S
7251751;S
7251768;S
7251774;S
7251780;S
7251797;S
7251805;S
7251811;S
7251828;S
7251834;S
7251840;S
7251857;S
7251863;S
7251870;S
7251886;S
7251892;S
7251900;S
7251917;S
7251923;S
7251930;S
7251946;S
7251952;S
7251969;S
7251975;S
7251981;S
7251998;S
7252006;S
7252012;S
7252029;S
7252035;S
7252041;S
7252058;S
7252064;S
7252070;S
7252087;S
7252093;S
7252101;S
7252118;S
7252124;S
7252130;S
7252147;S
7252153;S
7252160;S
7252176;S
7252182;S
7252199;S
7252207;S
7252213;S
7252220;S
7252236;S
7252242;S
7252259;S
7252265;S
7252271;S
7252288;S
7252294;S
7252302;S
7252319;S
7252325;S
7252331;S
7252348;S
7252354;S
7252360;S
7252377;S
7252383;S
7252390;S
7252408;S
7252414;S
7252420;S
7252437;S
7252443;S
7252450;S
7252466;S
7252472;S
7252489;S
7252495;S
7252503;S
7252510;S
7252526;S
7252532;S
7252549;S
7252555;S
7252561;S
7252578;S
7252584;S
7252590;S
7252609;S
7252615;S
7252621;S
7252638;S
7252644;S
7252650;S
7252667;S
7252673;S
7252680;S
7252696;S
7252704;S
7252710;S
7252727;S
7252733;S
7252740;S
7252756;S
7252762;S
7252779;S
7252785;S
7252791;S
7252800;S
7252816;S
7252822;S
7252839;S
7252845;S
7252851;S
7252868;S
7252874;S
7252880;S
7252897;S
7252905;S
7252911;S
7252928;S
7252934;S
7252940;S
7252957;S
7252963;S
7252970;S
7252986;S
7252992;S
7253000;S
7253017;S
7253023;S
7253030;S
7253046;S
7253052;S
7253069;S
7253075;S
7253081;S
7253098;S
7253106;S
7253112;S
7253129;S
7253135;S
7253141;S
7253158;S
7253164;S
7253170;S
7253187;S
7253193;S
7253201;S
7253218;S
7253224;S
7253230;S
7253247;S
7253253;S
7253260;S
7253276;S
7253282;S
7253299;S
7253307;S
7253313;S
7253320;S
7253336;S
7253342;S
7253359;S
7253365;S
7253371;S
7253388;S
7253394;S
7253402;S
7253419;S
7253425;S
7253431;S
7253448;S
7253454;S
7253460;S
7253477;S
7253483;S
7253490;S
7253508;S
7253514;S
7253520;S
7253537;S
7253543;S
7253550;S
7253566;S
7253572;S
7253589;S
7253595;S
7253603;S
7253610;S
7253626;S
7253632;S
7253649;S
7253655;S
7253661;S
7253678;S
7253684;S
7253690;S
7253709;S
7253715;S
7253721;S
7253738;S
7253744;S
7253750;S
7253767;S
7253773;S
7253780;S
7253796;S
7253804;S
7253810;S
7253827;S
7253833;S
7253840;S
7253856;S
7253862;S
7253879;S
7253885;S
7253891;S
7253900;S
7253916;S
7253922;S
7253939;S
7253945;S
7253951;S
7253968;S
7253974;S
7253980;S
7253997;S
7254005;S
7254011;S
7254028;S
7254034;S
7254040;S
7254057;S
7254063;S
7254070;S
7254086;S
7254092;S
7254100;S
7254117;S
7254123;S
7254130;S
7254146;S
7254152;S
7254169;S
7254175;S
7254181;S
7254198;S
7254206;S
7254212;S
7254229;S
7254235;S
7254241;S
7254258;S
7254264;S
7254270;S
7254287;S
7254293;S
7254301;S
7254318;S
7254324;S
7254330;S
7254347;S
7254353;S
7254360;S
7254376;S
7254382;S
7254399;S
7254407;S
7254413;S
7254420;S
7254436;S
7254442;S
7254459;S
7254465;S
7254471;S
7254488;S
7254494;S
7254502;S
7254519;S
7254525;S
7254531;S
7254548;S
7254554;S
7254560;S
7254577;S
7254583;S
7254590;S
7254608;S
7254614;S
7254620;S
7254637;S
7254643;S
7254650;S
7254666;S
7254672;S
7254689;S
7254695;S
7254703;S
7254710;S
7254726;S
7254732;S
7254749;S
7254755;S
7254761;S
7254778;S
7254784;S
7254790;S
7254809;S
7254815;S
7254821;S
7254838;S
7254844;S
7254850;S
7254867;S
7254873;S
7254880;S
7254896;S
7254904;S
7254910;S
7254927;S
7254933;S
7254940;S
7254956;S
7254962;S
7254979;S
7254985;S
7254991;S
7255000;S
7255016;S
7255022;S
7255039;S
7255045;S
7255051;S
7255068;S
7255074;S
7255080;S
7255097;S
7255105;S
7255111;S
7255128;S
7255134;S
7255140;S
7255157;S
7255163;S
7255170;S
7255186;S
7255192;S
7255200;S
7255217;S
7255223;S
7255230;S
7255246;S
7255252;S
7255269;S
7255275;S
7255281;S
7255298;S
7255306;S
7255312;S
7255329;S
7255335;S
7255341;S
7255358;S
7255364;S
7255370;S
7255387;S
7255393;S
7255401;S
7255418;S
7255424;S
7255430;S
7255447;S
7255453;S
7255460;S
7255476;S
7255482;S
7255499;S
7255507;S
7255513;S
7255520;S
7255536;S
7255542;S
7255559;S
7255565;S
7255571;S
7255588;S
7255594;S
7255602;S
7255619;S
7255625;S
7255631;S
7255648;S
7255654;S
7255660;S
7255677;S
7255683;S
7255690;S
7255708;S
7255714;S
7255720;S
7255737;S
7255743;S
7255750;S
7255766;S
7255772;S
7255789;S
7255795;S
7255803;S
7255810;S
7255826;S
7255832;S
7255849;S
7255855;S
7255861;S
7255878;S
7255884;S
7255890;S
7255909;S
7255915;S
7255921;S
7255938;S
7255944;S
7255950;S
7255967;S
7255973;S
7255980;S
7255996;S
7256004;S
7256010;S
7256027;S
7256033;S
7256040;S
7256056;S
7256062;S
7256079;S
7256085;S
7256091;S
7256100;S
7256116;S
7256122;S
7256139;S
7256145;S
7256151;S
7256168;S
7256174;S
7256180;S
7256197;S
7256205;S
7256211;S
7256228;S
7256234;S
7256240;S
7256257;S
7256263;S
7256270;S
7256286;S
7256292;S
7256300;S
7256317;S
7256323;S
7256330;S
7256346;S
7256352;S
7256369;S
7256375;S
7256381;S
7256398;S
7256406;S
7256412;S
7256429;S
7256435;S
7256441;S
7256458;S
7256464;S
7256470;S
7256487;S
7256493;S
7256501;S
7256518;S
7256524;S
7256530;S
7256547;S
7256553;S
7256560;S
7256576;S
7256582;S
7256599;S
7256607;S
7256613;S
7256620;S
7256636;S
7256642;S
7256659;S
7256665;S
7256671;S
7256688;S
7256694;S
7256702;S
7256719;S
7256725;S
7256731;S
7256748;S
7256754;S
7256760;S
7256777;S
7256783;S
7256790;S
7256808;S
7256814;S
7256820;S
7256837;S
7256843;S
7256850;S
7256866;S
7256872;S
7256889;S
7256895;S
7256903;S
7256910;S
7256926;S
7256932;S
7256949;S
7256955;S
7256961;S
7256978;S
7256984;S
7256990;S
7257009;S
7257015;S
7257021;S
7257038;S
7257044;S
7257050;S
7257067;S
7257073;S
7257080;S
7257096;S
7257104;S
7257110;S
7257127;S
7257133;S
7257140;S
7257156;S
7257162;S
7257179;S
7257185;S
7257191;S
7257200;S
7257216;S
7257222;S
7257239;S
7257245;S
7257251;S
7257268;S
7257274;S
7257280;S
7257297;S
7257305;S
7257311;S
7257328;S
7257334;S
7257340;S
7257357;S
7257363;S
7257370;S
7257386;S
7257392;S
7257400;S
7257417;S
7257423;S
7257430;S
7257446;S
7257452;S
7257469;S
7257475;S
7257481;S
7257498;S
7257506;S
7257512;S
7257529;S
7257535;S
7257541;S
7257558;S
7257564;S
7257570;S
7257587;S
7257593;S
7257601;S
7257618;S
7257624;S
7257630;S
7257647;S
7257653;S
7257660;S
7257676;S
7257682;S
7257699;S
7257707;S
7257713;S
7257720;S
7257736;S
7257742;S
7257759;S
7257765;S
7257771;S
7257788;S
7257794;S
7257802;S
7257819;S
7257825;S
7257831;S
7257848;S
7257854;S
7257860;S
7257877;S
7257883;S
7257890;S
7257908;S
7257914;S
7257920;S
7257937;S
7257943;S
7257950;S
7257966;S
7257972;S
7257989;S
7257995;S
7258003;S
7258010;S
7258026;S
7258032;S
7258049;S
7258055;S
7258061;S
7258078;S
7258084;S
7258090;S
7258109;S
7258115;S
7258121;S
7258138;S
7258144;S
7258150;S
7258167;S
7258173;S
7258180;S
7258196;S
7258204;S
7258210;S
7258227;S
7258233;S
7258240;S
7258256;S
7258262;S
7258279;S
7258285;S
7258291;S
7258300;S
7258316;S
7258322;S
7258339;S
7258345;S
7258351;S
7258368;S
7258374;S
7258380;S
7258397;S
7258405;S
7258411;S
7258428;S
7258434;S
7258440;S
7258457;S
7258463;S
7258470;S
7258486;S
7258492;S
7258500;S
7258517;S
7258523;S
7258530;S
7258546;S
7258552;S
7258569;S
7258575;S
7258581;S
7258598;S
7258606;S
7258612;S
7258629;S
7258635;S
7258641;S
7258658;S
7258664;S
7258670;S
7258687;S
7258693;S
7258701;S
7258718;S
7258724;S
7258730;S
7258747;S
7258753;S
7258760;S
7258776;S
7258782;S
7258799;S
7258807;S
7258813;S
7258820;S
7258836;S
7258842;S
7258859;S
7258865;S
7258871;S
7258888;S
7258894;S
7258902;S
7258919;S
7258925;S
7258931;S
7258948;S
7258954;S
7258960;S
7258977;S
7258983;S
7258990;S
7259008;S
7259014;S
7259020;S
7259037;S
7259043;S
7259050;S
7259066;S
7259072;S
7259089;S
7259095;S
7259103;S
7259110;S
7259126;S
7259132;S
7259149;S
7259155;S
7259161;S
7259178;S
7259184;S
7259190;S
7259209;S
7259215;S
7259221;S
7259238;S
7259244;S
7259250;S
7259267;S
7259273;S
7259280;S
7259296;S
7259304;S
7259310;S
7259327;S
7259333;S
7259340;S
7259356;S
7259362;S
7259379;S
7259385;S
7259391;S
7259400;S
7259416;S
7259422;S
7259439;S
7259445;S
7259451;S
7259468;S
7259474;S
7259480;S
7259497;S
7259505;S
7259511;S
7259528;S
7259534;S
7259540;S
7259557;S
7259563;S
7259570;S
7259586;S
7259592;S
7259600;S
7259617;S
7259623;S
7259630;S
7259646;S
7259652;S
7259669;S
7259675;S
7259681;S
7259698;S
7259706;S
7259712;S
7259729;S
7259735;S
7259741;S
7259758;S
7259764;S
7259770;S
7259787;S
7259793;S
7259801;S
7259818;S
7259824;S
7259830;S
7259847;S
7259853;S
7259860;S
7259876;S
7259882;S
7259899;S
7259907;S
7259913;S
7259920;S
7259936;S
7259942;S
7259959;S
7259965;S
7259971;S
7259988;S
7259994;S
7260000;S
7260017;S
7260023;S
7260030;S
7260046;S
7260052;S
7260069;S
7260075;S
7260081;S
7260098;S
7260106;S
7260112;S
7260129;S
7260135;S
7260141;S
7260158;S
7260164;S
7260170;S
7260187;S
7260193;S
7260201;S
7260218;S
7260224;S
7260230;S
7260247;S
7260253;S
7260260;S
7260276;S
7260282;S
7260299;S
7260307;S
7260313;S
7260320;S
7260336;S
7260342;S
7260359;S
7260365;S
7260371;S
7260388;S
7260394;S
7260402;S
7260419;S
7260425;S
7260431;S
7260448;S
7260454;S
7260460;S
7260477;S
7260483;S
7260490;S
7260508;S
7260514;S
7260520;S
7260537;S
7260543;S
7260550;S
7260566;S
7260572;S
7260589;S
7260595;S
7260603;S
7260610;S
7260626;S
7260632;S
7260649;S
7260655;S
7260661;S
7260678;S
7260684;S
7260690;S
7260709;S
7260715;S
7260721;S
7260738;S
7260744;S
7260750;S
7260767;S
7260773;S
7260780;S
7260796;S
7260804;S
7260810;S
7260827;S
7260833;S
7260840;S
7260856;S
7260862;S
7260879;S
7260885;S
7260891;S
7260900;S
7260916;S
7260922;S
7260939;S
7260945;S
7260951;S
7260968;S
7260974;S
7260980;S
7260997;S
7261005;S
7261011;S
7261028;S
7261034;S
7261040;S
7261057;S
7261063;S
7261070;S
7261086;S
7261092;S
7261100;S
7261117;S
7261123;S
7261130;S
7261146;S
7261152;S
7261169;S
7261175;S
7261181;S
7261198;S
7261206;S
7261212;S
7261229;S
7261235;S
7261241;S
7261258;S
7261264;S
7261270;S
7261287;S
7261293;S
7261301;S
7261318;S
7261324;S
7261330;S
7261347;S
7261353;S
7261360;S
7261376;S
7261382;S
7261399;S
7261407;S
7261413;S
7261420;S
7261436;S
7261442;S
7261459;S
7261465;S
7261471;S
7261488;S
7261494;S
7261502;S
7261519;S
7261525;S
7261531;S
7261548;S
7261554;S
7261560;S
7261577;S
7261583;S
7261590;S
7261608;S
7261614;S
7261620;S
7261637;S
7261643;S
7261650;S
7261666;S
7261672;S
7261689;S
7261695;S
7261703;S
7261710;S
7261726;S
7261732;S
7261749;S
7261755;S
7261761;S
7261778;S
7261784;S
7261790;S
7261809;S
7261815;S
7261821;S
7261838;S
7261844;S
7261850;S
7261867;S
7261873;S
7261880;S
7261896;S
7261904;S
7261910;S
7261927;S
7261933;S
7261940;S
7261956;S
7261962;S
7261979;S
7261985;S
7261991;S
7262000;S
7262016;S
7262022;S
7262039;S
7262045;S
7262051;S
7262068;S
7262074;S
7262080;S
7262097;S
7262105;S
7262111;S
7262128;S
7262134;S
7262140;S
7262157;S
7262163;S
7262170;S
7262186;S
7262192;S
7262200;S
7262217;S
7262223;S
7262230;S
7262246;S
7262252;S
7262269;S
7262275;S
7262281;S
7262298;S
7262306;S
7262312;S
7262329;S
7262335;S
7262341;S
7262358;S
7262364;S
7262370;S
7262387;S
7262393;S
7262401;S
7262418;S
7262424;S
7262430;S
7262447;S
7262453;S
7262460;S
7262476;S
7262482;S
7262499;S
7262507;S
7262513;S
7262520;S
7262536;S
7262542;S
7262559;S
7262565;S
7262571;S
7262588;S
7262594;S
7262602;S
7262619;S
7262625;S
7262631;S
7262648;S
7262654;S
7262660;S
7262677;S
7262683;S
7262690;S
7262708;S
7262714;S
7262720;S
7262737;S
7262743;S
7262750;S
7262766;S
7262772;S
7262789;S
7262795;S
7262803;S
7262810;S
7262826;S
7262832;S
7262849;S
7262855;S
7262861;S
7262878;S
7262884;S
7262890;S
7262909;S
7262915;S
7262921;S
7262938;S
7262944;S
7262950;S
7262967;S
7262973;S
7262980;S
7262996;S
7263004;S
7263010;S
7263027;S
7263033;S
7263040;S
7263056;S
7263062;S
7263079;S
7263085;S
7263091;S
7263100;S
7263116;S
7263122;S
7263139;S
7263145;S
7263151;S
7263168;S
7263174;S
7263180;S
7263197;S
7263205;S
7263211;S
7263228;S
7263234;S
7263240;S
7263257;S
7263263;S
7263270;S
7263286;S
7263292;S
7263300;S
7263317;S
7263323;S
7263330;S
7263346;S
7263352;S
7263369;S
7263375;S
7263381;S
7263398;S
7263406;S
7263412;S
7263429;S
7263435;S
7263441;S
7263458;S
7263464;S
7263470;S
7263487;S
7263493;S
7263501;S
7263518;S
7263524;S
7263530;S
7263547;S
7263553;S
7263560;S
7263576;S
7263582;S
7263599;S
7263607;S
7263613;S
7263620;S
7263636;S
7263642;S
7263659;S
7263665;S
7263671;S
7263688;S
7263694;S
7263702;S
7263719;S
7263725;S
7263731;S
7263748;S
7263754;S
7263760;S
7263777;S
7263783;S
7263790;S
7263808;S
7263814;S
7263820;S
7263837;S
7263843;S
7263850;S
7263866;S
7263872;S
7263889;S
7263895;S
7263903;S
7263910;S
7263926;S
7263932;S
7263949;S
7263955;S
7263961;S
7263978;S
7263984;S
7263990;S
7264009;S
7264015;S
7264021;S
7264038;S
7264044;S
7264050;S
7264067;S
7264073;S
7264080;S
7264096;S
7264104;S
7264110;S
7264127;S
7264133;S
7264140;S
7264156;S
7264162;S
7264179;S
7264185;S
7264191;S
7264200;S
7264216;S
7264222;S
7264239;S
7264245;S
7264251;S
7264268;S
7264274;S
7264280;S
7264297;S
7264305;S
7264311;S
7264328;S
7264334;S
7264340;S
7264357;S
7264363;S
7264370;S
7264386;S
7264392;S
7264400;S
7264417;S
7264423;S
7264430;S
7264446;S
7264452;S
7264469;S
7264475;S
7264481;S
7264498;S
7264506;S
7264512;S
7264529;S
7264535;S
7264541;S
7264558;S
7264564;S
7264570;S
7264587;S
7264593;S
7264601;S
7264618;S
7264630;S
7264647;S
7264653;S
7264660;S
7264676;S
7264682;S
7264699;S
7264707;S
7264713;S
7264720;S
7264736;S
7264742;S
7264759;S
7264765;S
7264771;S
7264788;S
7264794;S
7264802;S
7264819;S
7264825;S
7264831;S
7264848;S
7264854;S
7264860;S
7264877;S
7264883;S
7264890;S
7264908;S
7264914;S
7264920;S
7264937;S
7264943;S
7264950;S
7264966;S
7264972;S
7264989;S
7264995;S
7265003;S
7265010;S
7265026;S
7265032;S
7265049;S
7265055;S
7265061;S
7265078;S
7265084;S
7265090;S
7265109;S
7265115;S
7265121;S
7265138;S
7265144;S
7265150;S
7265167;S
7265173;S
7265180;S
7265196;S
7265204;S
7265210;S
7265227;S
7265233;S
7265240;S
7265256;S
7265262;S
7265279;S
7265285;S
7265291;S
7265300;S
7265316;S
7265322;S
7265339;S
7265345;S
7265351;S
7265368;S
7265374;S
7265380;S
7265397;S
7265405;S
7265411;S
7265428;S
7265434;S
7265440;S
7265457;S
7265463;S
7265470;S
7265492;S
7265500;S
7265517;S
7265523;S
7265530;S
7265546;S
7265552;S
7265569;S
7265575;S
7265581;S
7265598;S
7265606;S
7265612;S
7265629;S
7265635;S
7265641;S
7265658;S
7265664;S
7265670;S
7265687;S
7265693;S
7265701;S
7265718;S
7265724;S
7265730;S
7265747;S
7265753;S
7265760;S
7265776;S
7265782;S
7265799;S
7265807;S
7265813;S
7265820;S
7265836;S
7265842;S
7265859;S
7265865;S
7265871;S
7265888;S
7265894;S
7265902;S
7265919;S
7265925;S
7265931;S
7265948;S
7265954;S
7265960;S
7265977;S
7265983;S
7265990;S
7266008;S
7266014;S
7266020;S
7266037;S
7266043;S
7266050;S
7266066;S
7266072;S
7266089;S
7266095;S
7266103;S
7266110;S
7266126;S
7266132;S
7266149;S
7266155;S
7266161;S
7266178;S
7266184;S
7266190;S
7266209;S
7266215;S
7266221;S
7266238;S
7266244;S
7266250;S
7266267;S
7266273;S
7266280;S
7266296;S
7266304;S
7266310;S
7266327;S
7266333;S
7266340;S
7266356;S
7266362;S
7266379;S
7266391;S
7266400;S
7266416;S
7266422;S
7266439;S
7266445;S
7266451;S
7266468;S
7266474;S
7266480;S
7266497;S
7266505;S
7266511;S
7266528;S
7266534;S
7266540;S
7266557;S
7266563;S
7266570;S
7266586;S
7266592;S
7266600;S
7266617;S
7266623;S
7266630;S
7266646;S
7266652;S
7266669;S
7266675;S
7266681;S
7266698;S
7266706;S
7266712;S
7266729;S
7266735;S
7266741;S
7266758;S
7266764;S
7266770;S
7266787;S
7266793;S
7266801;S
7266818;S
7266824;S
7266830;S
7266847;S
7266853;S
7266860;S
7266876;S
7266882;S
7266899;S
7266907;S
7266913;S
7266920;S
7266936;S
7266942;S
7266959;S
7266965;S
7266971;S
7266988;S
7266994;S
7267002;S
7267019;S
7267025;S
7267031;S
7267048;S
7267054;S
7267060;S
7267077;S
7267083;S
7267090;S
7267108;S
7267114;S
7267120;S
7267137;S
7267143;S
7267150;S
7267166;S
7267172;S
7267189;S
7267195;S
7267203;S
7267210;S
7267226;S
7267232;S
7267249;S
7267255;S
7267261;S
7267278;S
7267284;S
7267290;S
7267309;S
7267315;S
7267321;S
7267338;S
7267344;S
7267350;S
7267367;S
7267373;S
7267380;S
7267396;S
7267404;S
7267410;S
7267427;S
7267433;S
7267440;S
7267456;S
7267462;S
7267479;S
7267485;S
7267491;S
7267500;S
7267516;S
7267522;S
7267539;S
7267545;S
7267551;S
7267568;S
7267574;S
7267580;S
7267597;S
7267605;S
7267611;S
7267628;S
7267634;S
7267640;S
7267657;S
7267663;S
7267670;S
7267686;S
7267692;S
7267700;S
7267717;S
7267723;S
7267730;S
7267746;S
7267752;S
7267769;S
7267775;S
7267781;S
7267798;S
7267806;S
7267812;S
7267829;S
7267835;S
7267841;S
7267858;S
7267864;S
7267870;S
7267887;S
7267893;S
7267901;S
7267918;S
7267924;S
7267930;S
7267947;S
7267953;S
7267960;S
7267976;S
7267982;S
7267999;S
7268007;S
7268013;S
7268020;S
7268036;S
7268042;S
7268059;S
7268065;S
7268071;S
7268088;S
7268094;S
7268102;S
7268119;S
7268125;S
7268131;S
7268148;S
7268154;S
7268160;S
7268177;S
7268183;S
7268190;S
7268208;S
7268214;S
7268220;S
7268237;S
7268243;S
7268250;S
7268266;S
7268272;S
7268289;S
7268295;S
7268303;S
7268310;S
7268326;S
7268332;S
7268349;S
7268355;S
7268361;S
7268378;S
7268384;S
7268390;S
7268409;S
7268415;S
7268421;S
7268438;S
7268444;S
7268450;S
7268467;S
7268473;S
7268480;S
7268496;S
7268504;S
7268510;S
7268527;S
7268533;S
7268540;S
7268556;S
7268562;S
7268579;S
7268585;S
7268591;S
7268600;S
7268616;S
7268622;S
7268639;S
7268645;S
7268651;S
7268668;S
7268674;S
7268680;S
7268697;S
7268705;S
7268711;S
7268728;S
7268734;S
7268740;S
7268757;S
7268763;S
7268770;S
7268786;S
7268792;S
7268800;S
7268817;S
7268823;S
7268830;S
7268846;S
7268852;S
7268869;S
7268875;S
7268881;S
7268898;S
7268906;S
7268912;S
7268929;S
7268935;S
7268941;S
7268958;S
7268964;S
7268970;S
7268987;S
7268993;S
7269001;S
7269018;S
7269024;S
7269030;S
7269047;S
7269053;S
7269060;S
7269076;S
7269082;S
7269099;S
7269107;S
7269113;S
7269120;S
7269136;S
7269142;S
7269159;S
7269165;S
7269171;S
7269188;S
7269194;S
7269202;S
7269219;S
7269225;S
7269231;S
7269248;S
7269254;S
7269260;S
7269277;S
7269283;S
7269290;S
7269308;S
7269314;S
7269320;S
7269337;S
7269343;S
7269350;S
7269366;S
7269372;S
7269389;S
7269395;S
7269403;S
7269410;S
7269426;S
7269432;S
7269449;S
7269455;S
7269461;S
7269478;S
7269484;S
7269490;S
7269509;S
7269515;S
7269521;S
7269538;S
7269544;S
7269550;S
7269567;S
7269573;S
7269580;S
7269596;S
7269604;S
7269610;S
7269627;S
7269633;S
7269640;S
7269656;S
7269662;S
7269679;S
7269685;S
7269691;S
7269700;S
7269716;S
7269722;S
7269739;S
7269745;S
7269751;S
7269768;S
7269774;S
7269780;S
7269797;S
7269805;S
7269811;S
7269828;S
7269834;S
7269840;S
7269857;S
7269863;S
7269870;S
7269886;S
7269892;S
7269900;S
7269917;S
7269923;S
7269930;S
7269946;S
7269952;S
7269969;S
7269975;S
7269981;S
7269998;S
7270004;S
7270010;S
7270027;S
7270033;S
7270040;S
7270056;S
7270062;S
7270079;S
7270085;S
7270091;S
7270100;S
7270116;S
7270122;S
7270139;S
7270145;S
7270151;S
7270168;S
7270174;S
7270180;S
7270197;S
7270205;S
7270211;S
7270228;S
7270234;S
7270240;S
7270257;S
7270263;S
7270270;S
7270286;S
7270292;S
7270300;S
7270317;S
7270323;S
7270330;S
7270346;S
7270352;S
7270369;S
7270375;S
7270381;S
7270398;S
7270406;S
7270412;S
7270429;S
7270435;S
7270441;S
7270458;S
7270464;S
7270470;S
7270487;S
7270493;S
7270501;S
7270518;S
7270524;S
7270530;S
7270547;S
7270553;S
7270560;S
7270576;S
7270582;S
7270599;S
7270607;S
7270613;S
7270620;S
7270636;S
7270642;S
7270659;S
7270665;S
7270671;S
7270688;S
7270694;S
7270702;S
7270719;S
7270725;S
7270731;S
7270748;S
7270754;S
7270760;S
7270777;S
7270783;S
7270790;S
7270808;S
7270814;S
7270820;S
7270837;S
7270843;S
7270850;S
7270866;S
7270872;S
7270889;S
7270895;S
7270903;S
7270910;S
7270926;S
7270932;S
7270949;S
7270955;S
7270961;S
7270978;S
7270984;S
7270990;S
7271009;S
7271015;S
7271021;S
7271038;S
7271044;S
7271050;S
7271067;S
7271073;S
7271080;S
7271096;S
7271104;S
7271110;S
7271127;S
7271133;S
7271140;S
7271156;S
7271162;S
7271179;S
7271185;S
7271191;S
7271200;S
7271216;S
7271222;S
7271239;S
7271245;S
7271251;S
7271268;S
7271274;S
7271280;S
7271297;S
7271305;S
7271311;S
7271334;S
7271340;S
7271357;S
7271363;S
7271370;S
7271386;S
7271392;S
7271400;S
7271417;S
7271423;S
7271430;S
7271446;S
7271452;S
7271469;S
7271475;S
7271481;S
7271498;S
7271506;S
7271512;S
7271529;S
7271535;S
7271541;S
7271558;S
7271564;S
7271570;S
7271587;S
7271593;S
7271601;S
7271618;S
7271624;S
7271630;S
7271647;S
7271653;S
7271660;S
7271676;S
7271682;S
7271699;S
7271707;S
7271713;S
7271720;S
7271736;S
7271742;S
7271759;S
7271765;S
7271771;S
7271788;S
7271794;S
7271802;S
7271819;S
7271825;S
7271831;S
7271848;S
7271854;S
7271860;S
7271877;S
7271883;S
7271890;S
7271908;S
7271914;S
7271920;S
7271937;S
7271943;S
7271950;S
7271966;S
7271972;S
7271989;S
7271995;S
7272003;S
7272010;S
7272026;S
7272032;S
7272049;S
7272055;S
7272061;S
7272078;S
7272084;S
7272090;S
7272109;S
7272115;S
7272121;S
7272138;S
7272144;S
7272150;S
7272167;S
7272173;S
7272180;S
7272196;S
7272204;S
7272210;S
7272227;S
7272233;S
7272240;S
7272256;S
7272262;S
7272279;S
7272285;S
7272291;S
7272300;S
7272316;S
7272322;S
7272339;S
7272345;S
7272351;S
7272368;S
7272374;S
7272380;S
7272397;S
7272405;S
7272411;S
7272428;S
7272434;S
7272440;S
7272457;S
7272463;S
7272470;S
7272486;S
7272492;S
7272500;S
7272517;S
7272523;S
7272530;S
7272546;S
7272552;S
7272569;S
7272575;S
7272581;S
7272598;S
7272606;S
7272612;S
7272629;S
7272635;S
7272641;S
7272658;S
7272664;S
7272670;S
7272687;S
7272693;S
7272701;S
7272718;S
7272724;S
7272730;S
7272747;S
7272753;S
7272760;S
7272776;S
7272782;S
7272799;S
7272807;S
7272813;S
7272820;S
7272836;S
7272842;S
7272859;S
7272865;S
7272871;S
7272888;S
7272894;S
7272902;S
7272919;S
7272925;S
7272931;S
7272948;S
7272954;S
7272960;S
7272977;S
7272983;S
7272990;S
7273008;S
7273014;S
7273020;S
7273037;S
7273043;S
7273050;S
7273066;S
7273072;S
7273089;S
7273095;S
7273103;S
7273110;S
7273126;S
7273132;S
7273149;S
7273155;S
7273161;S
7273178;S
7273184;S
7273190;S
7273209;S
7273215;S
7273221;S
7273238;S
7273244;S
7273250;S
7273267;S
7273273;S
7273280;S
7273296;S
7273304;S
7273310;S
7273327;S
7273333;S
7273340;S
7273356;S
7273362;S
7273379;S
7273385;S
7273391;S
7273400;S
7273416;S
7273422;S
7273439;S
7273445;S
7273451;S
7273468;S
7273474;S
7273480;S
7273497;S
7273505;S
7273511;S
7273528;S
7273534;S
7273540;S
7273557;S
7273563;S
7273570;S
7273586;S
7273592;S
7273600;S
7273617;S
7273623;S
7273630;S
7273646;S
7273652;S
7273669;S
7273675;S
7273681;S
7273698;S
7273706;S
7273712;S
7273729;S
7273735;S
7273741;S
7273758;S
7273764;S
7273770;S
7273787;S
7273793;S
7273801;S
7273818;S
7273824;S
7273830;S
7273847;S
7273853;S
7273860;S
7273876;S
7273882;S
7273899;S
7273907;S
7273913;S
7273920;S
7273936;S
7273942;S
7273959;S
7273965;S
7273971;S
7273988;S
7273994;S
7274002;S
7274019;S
7274025;S
7274031;S
7274048;S
7274054;S
7274060;S
7274077;S
7274083;S
7274090;S
7274108;S
7274114;S
7274120;S
7274137;S
7274143;S
7274150;S
7274166;S
7274172;S
7274189;S
7274195;S
7274203;S
7274210;S
7274226;S
7274232;S
7274249;S
7274255;S
7274261;S
7274278;S
7274284;S
7274290;S
7274309;S
7274315;S
7274321;S
7274338;S
7274344;S
7274350;S
7274367;S
7274373;S
7274380;S
7274396;S
7274404;S
7274410;S
7274427;S
7274433;S
7274440;S
7274456;S
7274462;S
7274479;S
7274485;S
7274491;S
7274500;S
7274516;S
7274522;S
7274539;S
7274545;S
7274551;S
7274568;S
7274574;S
7274580;S
7274597;S
7274605;S
7274611;S
7274628;S
7274634;S
7274640;S
7274657;S
7274663;S
7274670;S
7274686;S
7274692;S
7274700;S
7274717;S
7274723;S
7274730;S
7274746;S
7274752;S
7274769;S
7274775;S
7274781;S
7274798;S
7274806;S
7274812;S
7274829;S
7274835;S
7274841;S
7274858;S
7274864;S
7274870;S
7274887;S
7274893;S
7274901;S
7274918;S
7274924;S
7274930;S
7274947;S
7274953;S
7274960;S
7274976;S
7274982;S
7274999;S
7275007;S
7275013;S
7275020;S
7275036;S
7275042;S
7275059;S
7275065;S
7275071;S
7275088;S
7275094;S
7275102;S
7275119;S
7275125;S
7275131;S
7275148;S
7275154;S
7275160;S
7275177;S
7275183;S
7275190;S
7275208;S
7275214;S
7275220;S
7275237;S
7275243;S
7275250;S
7275266;S
7275272;S
7275289;S
7275295;S
7275303;S
7275310;S
7275326;S
7275332;S
7275349;S
7275355;S
7275361;S
7275378;S
7275384;S
7275390;S
7275409;S
7275415;S
7275421;S
7275438;S
7275444;S
7275450;S
7275467;S
7275473;S
7275480;S
7275496;S
7275504;S
7275510;S
7275527;S
7275533;S
7275540;S
7275556;S
7275562;S
7275579;S
7275585;S
7275591;S
7275600;S
7275616;S
7275622;S
7275639;S
7275645;S
7275651;S
7275668;S
7275674;S
7275680;S
7275697;S
7275705;S
7275711;S
7275728;S
7275734;S
7275740;S
7275757;S
7275763;S
7275770;S
7275786;S
7275792;S
7275800;S
7275817;S
7275823;S
7275830;S
7275846;S
7275852;S
7275869;S
7275875;S
7275881;S
7275898;S
7275906;S
7275912;S
7275929;S
7275935;S
7275941;S
7275958;S
7275964;S
7275970;S
7275987;S
7275993;S
7276001;S
7276018;S
7276024;S
7276030;S
7276047;S
7276053;S
7276060;S
7276076;S
7276082;S
7276099;S
7276107;S
7276113;S
7276120;S
7276136;S
7276142;S
7276159;S
7276165;S
7276171;S
7276188;S
7276194;S
7276202;S
7276219;S
7276225;S
7276231;S
7276248;S
7276254;S
7276260;S
7276277;S
7276283;S
7276290;S
7276308;S
7276314;S
7276320;S
7276337;S
7276343;S
7276350;S
7276366;S
7276372;S
7276389;S
7276395;S
7276403;S
7276410;S
7276426;S
7276432;S
7276449;S
7276455;S
7276461;S
7276478;S
7276484;S
7276490;S
7276509;S
7276515;S
7276521;S
7276538;S
7276544;S
7276550;S
7276567;S
7276573;S
7276580;S
7276596;S
7276604;S
7276610;S
7276627;S
7276633;S
7276640;S
7276656;S
7276662;S
7276679;S
7276685;S
7276691;S
7276700;S
7276716;S
7276722;S
7276739;S
7276745;S
7276751;S
7276768;S
7276774;S
7276780;S
7276797;S
7276805;S
7276811;S
7276828;S
7276834;S
7276840;S
7276857;S
7276863;S
7276870;S
7276886;S
7276892;S
7276900;S
7276917;S
7276923;S
7276930;S
7276946;S
7276952;S
7276969;S
7276975;S
7276981;S
7276998;S
7277006;S
7277012;S
7277029;S
7277035;S
7277041;S
7277058;S
7277064;S
7277070;S
7277087;S
7277093;S
7277101;S
7277118;S
7277124;S
7277130;S
7277147;S
7277153;S
7277160;S
7277176;S
7277182;S
7277199;S
7277207;S
7277213;S
7277220;S
7277236;S
7277242;S
7277259;S
7277265;S
7277271;S
7277288;S
7277294;S
7277302;S
7277319;S
7277325;S
7277331;S
7277348;S
7277354;S
7277360;S
7277377;S
7277383;S
7277390;S
7277408;S
7277414;S
7277420;S
7277437;S
7277443;S
7277450;S
7277466;S
7277472;S
7277489;S
7277495;S
7277503;S
7277510;S
7277526;S
7277532;S
7277549;S
7277555;S
7277561;S
7277578;S
7277584;S
7277590;S
7277609;S
7277615;S
7277621;S
7277638;S
7277644;S
7277650;S
7277667;S
7277673;S
7277680;S
7277696;S
7277704;S
7277710;S
7277727;S
7277733;S
7277740;S
7277756;S
7277762;S
7277779;S
7277785;S
7277791;S
7277800;S
7277816;S
7277822;S
7277839;S
7277845;S
7277851;S
7277868;S
7277874;S
7277880;S
7277897;S
7277905;S
7277911;S
7277928;S
7277934;S
7277940;S
7277957;S
7277963;S
7277970;S
7277986;S
7277992;S
7278000;S
7278017;S
7278023;S
7278030;S
7278046;S
7278052;S
7278069;S
7278075;S
7278081;S
7278098;S
7278106;S
7278112;S
7278129;S
7278135;S
7278141;S
7278158;S
7278164;S
7278170;S
7278187;S
7278193;S
7278201;S
7278218;S
7278224;S
7278230;S
7278247;S
7278253;S
7278260;S
7278276;S
7278282;S
7278299;S
7278307;S
7278313;S
7278320;S
7278336;S
7278342;S
7278359;S
7278365;S
7278371;S
7278388;S
7278394;S
7278402;S
7278419;S
7278425;S
7278431;S
7278448;S
7278454;S
7278460;S
7278477;S
7278483;S
7278490;S
7278508;S
7278514;S
7278520;S
7278537;S
7278543;S
7278550;S
7278566;S
7278572;S
7278589;S
7278595;S
7278603;S
7278610;S
7278626;S
7278632;S
7278649;S
7278655;S
7278661;S
7278678;S
7278684;S
7278690;S
7278709;S
7278715;S
7278721;S
7278738;S
7278744;S
7278750;S
7278767;S
7278773;S
7278780;S
7278796;S
7278804;S
7278810;S
7278827;S
7278833;S
7278840;S
7278856;S
7278862;S
7278879;S
7278885;S
7278891;S
7278900;S
7278916;S
7278922;S
7278939;S
7278945;S
7278951;S
7278968;S
7278974;S
7278980;S
7278997;S
7279005;S
7279011;S
7279028;S
7279034;S
7279040;S
7279057;S
7279063;S
7279070;S
7279086;S
7279092;S
7279100;S
7279117;S
7279123;S
7279130;S
7279146;S
7279152;S
7279169;S
7279175;S
7279181;S
7279198;S
7279206;S
7279212;S
7279229;S
7279235;S
7279241;S
7279258;S
7279264;S
7279270;S
7279287;S
7279293;S
7279301;S
7279318;S
7279324;S
7279330;S
7279347;S
7279353;S
7279360;S
7279376;S
7279382;S
7279399;S
7279407;S
7279413;S
7279420;S
7279436;S
7279442;S
7279459;S
7279465;S
7279471;S
7279488;S
7279494;S
7279502;S
7279519;S
7279525;S
7279531;S
7279548;S
7279554;S
7279560;S
7279577;S
7279583;S
7279590;S
7279608;S
7279614;S
7279620;S
7279637;S
7279643;S
7279650;S
7279666;S
7279672;S
7279689;S
7279695;S
7279703;S
7279710;S
7279726;S
7279732;S
7279749;S
7279755;S
7279761;S
7279778;S
7279784;S
7279790;S
7279809;S
7279815;S
7279821;S
7279838;S
7279844;S
7279850;S
7279867;S
7279873;S
7279880;S
7279896;S
7279904;S
7279910;S
7279927;S
7279933;S
7279940;S
7279956;S
7279962;S
7279979;S
7279985;S
7279991;S
7280008;S
7280014;S
7280020;S
7280037;S
7280043;S
7280050;S
7280066;S
7280072;S
7280089;S
7280095;S
7280103;S
7280110;S
7280126;S
7280132;S
7280149;S
7280155;S
7280161;S
7280178;S
7280184;S
7280190;S
7280209;S
7280215;S
7280221;S
7280238;S
7280244;S
7280250;S
7280267;S
7280273;S
7280280;S
7280296;S
7280304;S
7280310;S
7280327;S
7280333;S
7280340;S
7280356;S
7280362;S
7280379;S
7280385;S
7280391;S
7280400;S
7280416;S
7280422;S
7280439;S
7280445;S
7280451;S
7280468;S
7280474;S
7280480;S
7280497;S
7280505;S
7280511;S
7280528;S
7280534;S
7280540;S
7280557;S
7280563;S
7280570;S
7280586;S
7280592;S
7280600;S
7280617;S
7280623;S
7280630;S
7280646;S
7280652;S
7280669;S
7280675;S
7280681;S
7280698;S
7280706;S
7280712;S
7280729;S
7280735;S
7280741;S
7280758;S
7280764;S
7280770;S
7280787;S
7280793;S
7280801;S
7280818;S
7280824;S
7280830;S
7280847;S
7280853;S
7280860;S
7280876;S
7280882;S
7280899;S
7280907;S
7280913;S
7280920;S
7280936;S
7280942;S
7280959;S
7280965;S
7280971;S
7280988;S
7280994;S
7281002;S
7281019;S
7281025;S
7281031;S
7281048;S
7281054;S
7281060;S
7281077;S
7281083;S
7281090;S
7281108;S
7281114;S
7281120;S
7281137;S
7281143;S
7281150;S
7281166;S
7281172;S
7281189;S
7281195;S
7281203;S
7281210;S
7281226;S
7281232;S
7281249;S
7281255;S
7281261;S
7281278;S
7281284;S
7281290;S
7281309;S
7281315;S
7281321;S
7281338;S
7281344;S
7281350;S
7281367;S
7281373;S
7281380;S
7281396;S
7281404;S
7281410;S
7281427;S
7281433;S
7281440;S
7281456;S
7281462;S
7281479;S
7281485;S
7281491;S
7281500;S
7281516;S
7281522;S
7281539;S
7281545;S
7281551;S
7281568;S
7281574;S
7281580;S
7281597;S
7281605;S
7281611;S
7281628;S
7281634;S
7281640;S
7281657;S
7281663;S
7281670;S
7281686;S
7281692;S
7281700;S
7281717;S
7281723;S
7281730;S
7281746;S
7281752;S
7281769;S
7281775;S
7281781;S
7281798;S
7281806;S
7281812;S
7281829;S
7281835;S
7281841;S
7281858;S
7281864;S
7281870;S
7281887;S
7281893;S
7281901;S
7281918;S
7281924;S
7281930;S
7281947;S
7281953;S
7281960;S
7281976;S
7281982;S
7281999;S
7282007;S
7282013;S
7282020;S
7282036;S
7282042;S
7282059;S
7282065;S
7282071;S
7282088;S
7282094;S
7282102;S
7282119;S
7282125;S
7282131;S
7282148;S
7282154;S
7282160;S
7282177;S
7282183;S
7282190;S
7282208;S
7282214;S
7282220;S
7282237;S
7282243;S
7282250;S
7282266;S
7282272;S
7282289;S
7282295;S
7282303;S
7282310;S
7282326;S
7282332;S
7282349;S
7282355;S
7282361;S
7282378;S
7282384;S
7282390;S
7282409;S
7282415;S
7282421;S
7282438;S
7282444;S
7282450;S
7282467;S
7282473;S
7282480;S
7282496;S
7282504;S
7282510;S
7282527;S
7282533;S
7282540;S
7282556;S
7282562;S
7282579;S
7282585;S
7282591;S
7282600;S
7282616;S
7282622;S
7282639;S
7282645;S
7282651;S
7282668;S
7282674;S
7282680;S
7282697;S
7282705;S
7282711;S
7282728;S
7282734;S
7282740;S
7282757;S
7282763;S
7282770;S
7282786;S
7282792;S
7282800;S
7282817;S
7282823;S
7282830;S
7282846;S
7282852;S
7282869;S
7282875;S
7282881;S
7282898;S
7282906;S
7282912;S
7282929;S
7282935;S
7282941;S
7282958;S
7282964;S
7282970;S
7282987;S
7282993;S
7283001;S
7283018;S
7283024;S
7283030;S
7283047;S
7283053;S
7283060;S
7283076;S
7283082;S
7283099;S
7283107;S
7283113;S
7283120;S
7283136;S
7283142;S
7283159;S
7283165;S
7283171;S
7283188;S
7283194;S
7283202;S
7283219;S
7283225;S
7283231;S
7283248;S
7283254;S
7283260;S
7283277;S
7283283;S
7283290;S
7283308;S
7283314;S
7283320;S
7283337;S
7283343;S
7283350;S
7283366;S
7283372;S
7283389;S
7283395;S
7283403;S
7283410;S
7283426;S
7283432;S
7283449;S
7283455;S
7283461;S
7283478;S
7283484;S
7283490;S
7283509;S
7283515;S
7283521;S
7283538;S
7283544;S
7283550;S
7283567;S
7283573;S
7283580;S
7283596;S
7283604;S
7283610;S
7283627;S
7283633;S
7283640;S
7283656;S
7283662;S
7283679;S
7283685;S
7283691;S
7283700;S
7283716;S
7283722;S
7283739;S
7283745;S
7283751;S
7283768;S
7283774;S
7283780;S
7283797;S
7283805;S
7283811;S
7283828;S
7283834;S
7283840;S
7283857;S
7283863;S
7283870;S
7283886;S
7283892;S
7283900;S
7283917;S
7283923;S
7283930;S
7283946;S
7283952;S
7283969;S
7283975;S
7283981;S
7283998;S
7284006;S
7284012;S
7284029;S
7284035;S
7284041;S
7284058;S
7284064;S
7284070;S
7284087;S
7284093;S
7284101;S
7284118;S
7284124;S
7284130;S
7284147;S
7284153;S
7284160;S
7284176;S
7284182;S
7284199;S
7284207;S
7284213;S
7284220;S
7284236;S
7284242;S
7284259;S
7284265;S
7284271;S
7284288;S
7284294;S
7284302;S
7284319;S
7284325;S
7284331;S
7284348;S
7284354;S
7284360;S
7284377;S
7284383;S
7284390;S
7284408;S
7284414;S
7284420;S
7284437;S
7284443;S
7284450;S
7284466;S
7284472;S
7284489;S
7284495;S
7284503;S
7284510;S
7284526;S
7284532;S
7284549;S
7284555;S
7284561;S
7284578;S
7284584;S
7284590;S
7284609;S
7284615;S
7284621;S
7284638;S
7284644;S
7284650;S
7284667;S
7284673;S
7284680;S
7284696;S
7284704;S
7284710;S
7284727;S
7284733;S
7284740;S
7284756;S
7284762;S
7284779;S
7284785;S
7284791;S
7284800;S
7284816;S
7284822;S
7284839;S
7284845;S
7284851;S
7284868;S
7284874;S
7284880;S
7284897;S
7284905;S
7284911;S
7284928;S
7284934;S
7284940;S
7284957;S
7284963;S
7284970;S
7284986;S
7284992;S
7285000;S
7285017;S
7285023;S
7285030;S
7285046;S
7285052;S
7285069;S
7285075;S
7285081;S
7285098;S
7285106;S
7285112;S
7285129;S
7285135;S
7285141;S
7285158;S
7285164;S
7285170;S
7285187;S
7285193;S
7285201;S
7285218;S
7285224;S
7285230;S
7285247;S
7285253;S
7285260;S
7285276;S
7285282;S
7285299;S
7285307;S
7285313;S
7285320;S
7285336;S
7285342;S
7285359;S
7285365;S
7285371;S
7285388;S
7285394;S
7285402;S
7285419;S
7285425;S
7285431;S
7285448;S
7285454;S
7285460;S
7285477;S
7285483;S
7285490;S
7285508;S
7285514;S
7285520;S
7285537;S
7285543;S
7285550;S
7285566;S
7285572;S
7285589;S
7285595;S
7285603;S
7285610;S
7285626;S
7285632;S
7285649;S
7285655;S
7285661;S
7285678;S
7285684;S
7285690;S
7285709;S
7285715;S
7285721;S
7285738;S
7285744;S
7285750;S
7285767;S
7285773;S
7285780;S
7285796;S
7285804;S
7285810;S
7285827;S
7285833;S
7285840;S
7285856;S
7285862;S
7285879;S
7285885;S
7285891;S
7285900;S
7285916;S
7285922;S
7285939;S
7285945;S
7285951;S
7285968;S
7285974;S
7285980;S
7285997;S
7286005;S
7286011;S
7286028;S
7286034;S
7286040;S
7286057;S
7286063;S
7286070;S
7286086;S
7286092;S
7286100;S
7286117;S
7286123;S
7286130;S
7286146;S
7286152;S
7286169;S
7286175;S
7286181;S
7286198;S
7286206;S
7286212;S
7286229;S
7286235;S
7286241;S
7286258;S
7286264;S
7286270;S
7286287;S
7286293;S
7286301;S
7286318;S
7286324;S
7286330;S
7286347;S
7286353;S
7286360;S
7286376;S
7286382;S
7286399;S
7286407;S
7286413;S
7286420;S
7286436;S
7286442;S
7286459;S
7286465;S
7286471;S
7286488;S
7286494;S
7286502;S
7286519;S
7286525;S
7286531;S
7286548;S
7286554;S
7286560;S
7286577;S
7286583;S
7286590;S
7286608;S
7286614;S
7286620;S
7286637;S
7286643;S
7286650;S
7286666;S
7286672;S
7286689;S
7286695;S
7286703;S
7286710;S
7286726;S
7286732;S
7286749;S
7286755;S
7286761;S
7286778;S
7286784;S
7286790;S
7286809;S
7286815;S
7286821;S
7286838;S
7286844;S
7286850;S
7286867;S
7286873;S
7286880;S
7286896;S
7286979;S
7287022;S
7287045;S
7287051;S
7287080;S
7287105;S
7287128;S
7287140;S
7287163;S
7287186;S
7287200;S
7287223;S
7287246;S
7287269;S
7287281;S
7287306;S
7287335;S
7287401;S
7287418;S
7287447;S
7287460;S
7287482;S
7287499;S
7287507;S
7287520;S
7287536;S
7287542;S
7287559;S
7287571;S
7287588;S
7287594;S
7287602;S
7287625;S
7287631;S
7287648;S
7287654;S
7287660;S
7287677;S
7287690;S
7287708;S
7287714;S
7287737;S
7287750;S
7287766;S
7287772;S
7287789;S
7287795;S
7287803;S
7287810;S
7287832;S
7287849;S
7287855;S
7287878;S
7287884;S
7287890;S
7288004;S
7288116;S
7288139;S
7288174;S
7288211;S
7288748;S
7288872;S
7288889;S
7288961;S
7289191;S
7289386;S
7289417;S
7289446;S
7289475;S
7289498;S
7289506;S
7289535;S
7289541;S
7289570;S
7289601;S
7289618;S
7289624;S
7289647;S
7289699;S
7289950;S
7289995;S
7290001;S
7290018;S
7290024;S
7290030;S
7290047;S
7290053;S
7290060;S
7290076;S
7290082;S
7290099;S
7290107;S
7290113;S
7290120;S
7290136;S
7290142;S
7290159;S
7290165;S
7290171;S
7290188;S
7290194;S
7290202;S
7290219;S
7290225;S
7290248;S
7290277;S
7290283;S
7290290;S
7290308;S
7290314;S
7290320;S
7290350;S
7290366;S
7290372;S
7290389;S
7290403;S
7290410;S
7290426;S
7290432;S
7290449;S
7290455;S
7290461;S
7290478;S
7290484;S
7290490;S
7290509;S
7290515;S
7290521;S
7290538;S
7290544;S
7290550;S
7290567;S
7290573;S
7290580;S
7290596;S
7290604;S
7290610;S
7290627;S
7290633;S
7290640;S
7290656;S
7290662;S
7290679;S
7290685;S
7290691;S
7290700;S
7290716;S
7290722;S
7290739;S
7290745;S
7290751;S
7290768;S
7290780;S
7290797;S
7290805;S
7290811;S
7290834;S
7290840;S
7290857;S
7290863;S
7290870;S
7290886;S
7290892;S
7290900;S
7290917;S
7290923;S
7290930;S
7290946;S
7290952;S
7290969;S
7290975;S
7290981;S
7290998;S
7291006;S
7291012;S
7291029;S
7291035;S
7291041;S
7291058;S
7291064;S
7291070;S
7291087;S
7291093;S
7291101;S
7291118;S
7291124;S
7291130;S
7291147;S
7291153;S
7291160;S
7291176;S
7291182;S
7291199;S
7291207;S
7291220;S
7291265;S
7291302;S
7291319;S
7291348;S
7291360;S
7291377;S
7291408;S
7291414;S
7291437;S
7291443;S
7291450;S
7291466;S
7291472;S
7291495;S
7291503;S
7291526;S
7291561;S
7291578;S
7291584;S
7291740;S
7291957;S
7291992;S
7292098;S
7292112;S
7292193;S
7292218;S
7292224;S
7292230;S
7292260;S
7292320;S
7292336;S
7292365;S
7292394;S
7292431;S
7292448;S
7292508;S
7292514;S
7292520;S
7292543;S
7292566;S
7292595;S
7292603;S
7292626;S
7292661;S
7292715;S
7292721;S
7292744;S
7292750;S
7292773;S
7292827;S
7292833;S
7292856;S
7292885;S
7292974;S
7292997;S
7293005;S
7293028;S
7293034;S
7293040;S
7293057;S
7293070;S
7293086;S
7293092;S
7293100;S
7293117;S
7293130;S
7293146;S
7293152;S
7293169;S
7293175;S
7293181;S
7293206;S
7293212;S
7293229;S
7293235;S
7293241;S
7293264;S
7293270;S
7293293;S
7293301;S
7293318;S
7293330;S
7293347;S
7293382;S
7293399;S
7293407;S
7293413;S
7293420;S
7293436;S
7293442;S
7293459;S
7293465;S
7293488;S
7293494;S
7293502;S
7293519;S
7293525;S
7293531;S
7293554;S
7293560;S
7293583;S
7293614;S
7293620;S
7293637;S
7293650;S
7293695;S
7293726;S
7293732;S
7293749;S
7293755;S
7293761;S
7293778;S
7293790;S
7293821;S
7293850;S
7293867;S
7293896;S
7293904;S
7293910;S
7293927;S
7293933;S
7293940;S
7293962;S
7293985;S
7294016;S
7294051;S
7294068;S
7294074;S
7294097;S
7294105;S
7294111;S
7294128;S
7294134;S
7294140;S
7294163;S
7294170;S
7294186;S
7294192;S
7294200;S
7294217;S
7294223;S
7294246;S
7294269;S
7294275;S
7294281;S
7294298;S
7294306;S
7294329;S
7294341;S
7294358;S
7294364;S
7294370;S
7294387;S
7294401;S
7294424;S
7294430;S
7294453;S
7294460;S
7294482;S
7294507;S
7294520;S
7294536;S
7294559;S
7294565;S
7294571;S
7294588;S
7294594;S
7294602;S
7294625;S
7294648;S
7294654;S
7294660;S
7294677;S
7294683;S
7294708;S
7294714;S
7294720;S
7294737;S
7294743;S
7294750;S
7294766;S
7294789;S
7294803;S
7294810;S
7294832;S
7294849;S
7294861;S
7294884;S
7294890;S
7294915;S
7294921;S
7294996;S
7295033;S
7295040;S
7295056;S
7295062;S
7295079;S
7295085;S
7295091;S
7295100;S
7295116;S
7295122;S
7295139;S
7295145;S
7295151;S
7295168;S
7295174;S
7295180;S
7295197;S
7295211;S
7295228;S
7295234;S
7295240;S
7295257;S
7295270;S
7295286;S
7295292;S
7295300;S
7295317;S
7295330;S
7295346;S
7295352;S
7295369;S
7295375;S
7295398;S
7295406;S
7295412;S
7295429;S
7295435;S
7295458;S
7295464;S
7295470;S
7295487;S
7295493;S
7295501;S
7295518;S
7295530;S
7295547;S
7295553;S
7295560;S
7295576;S
7295582;S
7295599;S
7295607;S
7295620;S
7295636;S
7295642;S
7295659;S
7295665;S
7295671;S
7295688;S
7295702;S
7295725;S
7295731;S
7295754;S
7295760;S
7295808;S
7295814;S
7295837;S
7295843;S
7295866;S
7295895;S
7295903;S
7295910;S
7295926;S
7295932;S
7295955;S
7295978;S
7295984;S
7295990;S
7296015;S
7296021;S
7296038;S
7296044;S
7296073;S
7296096;S
7296104;S
7296133;S
7296140;S
7296156;S
7296162;S
7296191;S
7296216;S
7296222;S
7296251;S
7296274;S
7296280;S
7296305;S
7296334;S
7296340;S
7296363;S
7296370;S
7296423;S
7296452;S
7296469;S
7296512;S
7296535;S
7296558;S
7296759;S
7296765;S
7296794;S
7296819;S
7296825;S
7296848;S
7296854;S
7296914;S
7296937;S
7296943;S
7297003;S
7297032;S
7297109;S
7297180;S
7297204;S
7297227;S
7297233;S
7297240;S
7297256;S
7297262;S
7297285;S
7297300;S
7297316;S
7297322;S
7297351;S
7297374;S
7297380;S
7297397;S
7297428;S
7297440;S
7297457;S
7297500;S
7297575;S
7297612;S
7297629;S
7297635;S
7297658;S
7297664;S
7297687;S
7297701;S
7297718;S
7297730;S
7297747;S
7297760;S
7297782;S
7297799;S
7297807;S
7297842;S
7297865;S
7297871;S
7297919;S
7297948;S
7297960;S
7297983;S
7297990;S
7298043;S
7298072;S
7298089;S
7298126;S
7298149;S
7298155;S
7298215;S
7298221;S
7298244;S
7298280;S
7298296;S
7298340;S
7298356;S
7298439;S
7298451;S
7298468;S
7298474;S
7298480;S
7298497;S
7298505;S
7298511;S
7298528;S
7298534;S
7298540;S
7298557;S
7298570;S
7298592;S
7298600;S
7298617;S
7298623;S
7298630;S
7298652;S
7298681;S
7298698;S
7298706;S
7298712;S
7298735;S
7298758;S
7298764;S
7298770;S
7298787;S
7298818;S
7298824;S
7298847;S
7298882;S
7298899;S
7298907;S
7298920;S
7298942;S
7298959;S
7298965;S
7298971;S
7298994;S
7299019;S
7299025;S
7299048;S
7299054;S
7299077;S
7299090;S
7299114;S
7299120;S
7299166;S
7299195;S
7299226;S
7299290;S
7299309;S
7299315;S
7299321;S
7299338;S
7299344;S
7299350;S
7299367;S
7299373;S
7299380;S
7299396;S
7299404;S
7299410;S
7299427;S
7299433;S
7299440;S
7299462;S
7299479;S
7299485;S
7299491;S
7299500;S
7299522;S
7299539;S
7299545;S
7299551;S
7299568;S
7299574;S
7299580;S
7299597;S
7299605;S
7299628;S
7299634;S
7299640;S
7299657;S
7299670;S
7299686;S
7299692;S
7299700;S
7299717;S
7299723;S
7299746;S
7299769;S
7299775;S
7299781;S
7299798;S
7299812;S
7299835;S
7299841;S
7299858;S
7299864;S
7299887;S
7299901;S
7299924;S
7299930;S
7299960;S
7299982;S
7310005;S
7310011;S
7310028;S
7310034;S
7310040;S
7310057;S
7310063;S
7310070;S
7310086;S
7310092;S
7310100;S
7310117;S
7310123;S
7310130;S
7310146;S
7310152;S
7310169;S
7310175;S
7310181;S
7310198;S
7310206;S
7310212;S
7310229;S
7310235;S
7310241;S
7310258;S
7310264;S
7310270;S
7310287;S
7310293;S
7310301;S
7310318;S
7310324;S
7310330;S
7310347;S
7310353;S
7310360;S
7310376;S
7310382;S
7310399;S
7310407;S
7310413;S
7310420;S
7310442;S
7310465;S
7310471;S
7310488;S
7310502;S
7310519;S
7310525;S
7310531;S
7310548;S
7310554;S
7310560;S
7310583;S
7310590;S
7310608;S
7310620;S
7310643;S
7310650;S
7310666;S
7310672;S
7310695;S
7310749;S
7310755;S
7310761;S
7310778;S
7310790;S
7310809;S
7310838;S
7310844;S
7310850;S
7316048;S
7316150;S
7316172;S
7316195;S
7316350;S
7316373;S
7316396;S
7316410;S
7316551;S
7316568;S
7316574;S
7316580;S
7316597;S
7316605;S
7316611;S
7322505;S
7322563;S
7322600;S
7322675;S
7322729;S
7322853;S
7322907;S
7322936;S
7323456;S
7323597;S
7323605;S
7323611;S
7323746;S
7323752;S
7323769;S
7324846;S
7326680;S
7326696;S
7326704;S
7326710;S
7326727;S
7326733;S
7326740;S
7326756;S
7330551;S
7330568;S
7330574;S
7330580;S
7330870;S
7330887;S
7330893;S
7330901;S
7336140;S
7336163;S
7336186;S
7336200;S
7336223;S
7336230;S
7336246;S
7337056;S
7337091;S
7339115;S
7340093;S
7340124;S
7340130;S
7340153;S
7340160;S
7340220;S
7340236;S
7340590;S
7340609;S
7340615;S
7340638;S
7340839;S
7340851;S
7340868;S
7340874;S
7340928;S
7343660;S
7343677;S
7343683;S
7343690;S
7343708;S
7343714;S
7343720;S
7343737;S
7352430;S
7364521;S
7364538;S
7372696;S
7373135;S
7377274;S
7377475;S
7379971;S
7380023;S
7380030;S
7380046;S
7380052;S
7380069;S
7380075;S
7380081;S
7380098;S
7380106;S
7380112;S
7380129;S
7380135;S
7380141;S
7380158;S
7380164;S
7380170;S
7380187;S
7380193;S
7380201;S
7380218;S
7380224;S
7380230;S
7380247;S
7380253;S
7380260;S
7380276;S
7380282;S
7380299;S
7380307;S
7380313;S
7380320;S
7380336;S
7380342;S
7380359;S
7380365;S
7380371;S
7380388;S
7380394;S
7380402;S
7380425;S
7380431;S
7380448;S
7429249;S
7429255;S
7433274;E
7442008;S
7442037;S
7442066;S
7442095;S
7443166;S
7448206;S
7464613;E
7466144;S
7474787;S
7474818;S
7477248;S
7477254;S
7477917;S
7477930;S
7477946;E
7477952;S
7477969;S
7477975;S
7477981;S
7477998;S
7478012;S
7478029;S
7478035;S
7478041;S
7478058;S
7478064;S
7478070;S
7478087;S
7478093;S
7478101;S
7478118;S
7575407;E
7710012;GAO
7710029;GAO
7710058;GAO
7710064;GAO
7710070;GAO
7710087;GAO
7710093;GAO
7710118;GAO
7710259;GAO
7710265;GAO
7710294;GAO
7710325;GAO
7710331;GAO
7710348;GAO
7710408;GAO
7727745;GAO
7727780;GAO
7727797;GAO
7727805;GAO
7727811;GAO
7727828;GAO
7727834;GAO
7727840;GAO
7727857;GAO
7727863;GAO
7727870;GAO
7727886;GAO
7727892;GAO
7727900;GAO
7727917;GAO
7727923;GAO
7727930;GAO
7727946;GAO
7727952;GAO
7727969;GAO
7728236;GAO
7728242;GAO
7728259;GAO
7728265;GAO
7728288;GAO
7728319;GAO
7733579;GAO
7733591;GAO
7736460;GAO
7740935;GAO
7740941;GAO
7740958;GAO
7741001;GAO
7741076;GAO
7741082;GAO
7741142;GAO
7757255;GAO
7757278;GAO
7757410;GAO
7757901;GAO
7757918;GAO
7757924;GAO
7757930;GAO
7757947;GAO
7757953;GAO
7757960;GAO
7757976;GAO
7757982;GAO
7757999;GAO
7758007;GAO
7758013;GAO
7758020;GAO
7758036;GAO
7758042;GAO
7758059;GAO
7758065;GAO
7758071;GAO
7758088;GAO
7758094;GAO
7758102;GAO
7758119;GAO
7758125;GAO
7758131;GAO
7758148;GAO
7758154;GAO
7758160;GAO
7758177;GAO
7758183;GAO
7758190;GAO
7758208;GAO
7758214;GAO
7758220;GAO
7758237;GAO
7758243;GAO
7758250;GAO
7758266;GAO
7758272;GAO
7758289;GAO
7758295;GAO
7758303;GAO
7758310;GAO
7758326;GAO
7758355;GAO
7758361;GAO
7758378;GAO
7758384;GAO
7758390;GAO
7758415;GAO
7758421;GAO
7758438;GAO
7758444;GAO
7758473;GAO
7758504;GAO
7758510;GAO
7758527;GAO
7758533;GAO
7758540;GAO
7758556;GAO
7758579;GAO
7758591;GAO
7758622;GAO
7758639;GAO
7758645;GAO
7758651;GAO
7758668;GAO
7758674;GAO
7758697;GAO
7758705;GAO
7758711;GAO
7758728;GAO
7758734;GAO
7758740;GAO
7758757;GAO
7758770;GAO
7758786;GAO
7758823;GAO
7758875;GAO
7758881;GAO
7758898;GAO
7758906;GAO
7758929;GAO
7758941;GAO
7758958;GAO
7758970;GAO
7758987;GAO
7758993;GAO
7759018;GAO
7759024;GAO
7759053;GAO
7759060;GAO
7759082;GAO
7759099;GAO
7759107;GAO
7759113;GAO
7759120;GAO
7759136;GAO
7759142;GAO
7759159;GAO
7759372;GAO
7759389;GAO
7759403;GAO
7759410;GAO
7759426;GAO
7759432;GAO
7759455;GAO
7759461;GAO
7759478;GAO
7759490;GAO
7759509;GAO
7759515;GAO
7759521;GAO
7759544;GAO
7759567;GAO
7759573;GAO
7759580;GAO
7760205;GAO
7760211;GAO
7760234;GAO
7760257;GAO
7760270;GAO
7760286;GAO
7760292;GAO
7760317;GAO
7760323;GAO
7760346;GAO
7760369;GAO
7760375;GAO
7760398;GAO
7760406;GAO
7760429;GAO
7760435;GAO
7760441;GAO
7760464;GAO
7760487;GAO
7760582;GAO
7760620;GAO
7760814;GAO
7760820;GAO
7760837;GAO
7760843;GAO
7760850;GAO
7760866;GAO
7760872;GAO
7760889;GAO
7760895;GAO
7762799;GAO
7767354;GAO
7767377;GAO
7767383;GAO
7771456;GAO
7771491;GAO
7771545;GAO
7771551;GAO
7771568;GAO
7771574;GAO
7771580;GAO
7771597;GAO
7771628;GAO
7771634;GAO
7771640;GAO
7771657;GAO
7771686;GAO
7771692;GAO
7772243;GAO
7772266;GAO
7772556;GAO
7772645;GAO
7772668;GAO
7772697;GAO
7772728;GAO
7772734;GAO
7772757;GAO
7772763;GAO
7772786;GAO
7772792;GAO
7774331;GAO
7774354;GAO
7774360;GAO
7774450;GAO
7774466;GAO
7774472;GAO
7774495;GAO
7774590;GAO
7774609;GAO
7775419;GAO
7775425;GAO
7775448;GAO
7775454;GAO
7775477;GAO
7775566;GAO
7775572;GAO
7775589;GAO
7775595;GAO
7777140;GAO
7777157;GAO
7777163;GAO
7777170;GAO
7777186;GAO
7777192;GAO
7777200;GAO
7777223;GAO
7777938;GAO
7782017;GAO
7782023;GAO
7782030;GAO
7782046;GAO
7782081;GAO
7782129;GAO
7782158;GAO
7782170;GAO
7782201;GAO
7782218;GAO
7782224;GAO
7782230;GAO
7782247;GAO
7782253;GAO
7782260;GAO
7782276;GAO
7782282;GAO
7782299;GAO
7782307;GAO
7782313;GAO
7782342;GAO
7782359;GAO
7782365;GAO
7782371;GAO
7782388;GAO
7782394;GAO
7782402;GAO
7782419;GAO
7782425;GAO
7782431;GAO
7782448;GAO
7782460;GAO
7782477;GAO
7782483;GAO
7782490;GAO
7782508;GAO
7782514;GAO
7782520;GAO
7782537;GAO
7782543;GAO
7782550;GAO
7782572;GAO
7782589;GAO
7782595;GAO
7782603;GAO
7782610;GAO
7782626;GAO
7782661;GAO
7782678;GAO
7782684;GAO
7782690;GAO
7782715;GAO
7782721;GAO
7782738;GAO
7782744;GAO
7782750;GAO
7782767;GAO
7782773;GAO
7782780;GAO
7782796;GAO
7782804;GAO
7782810;GAO
7782827;GAO
7782833;GAO
7782840;GAO
7782856;GAO
7782862;GAO
7782879;GAO
7782885;GAO
7782891;GAO
7782900;GAO
7782916;GAO
7782922;GAO
7782939;GAO
7782945;GAO
7782951;GAO
7782968;GAO
7782974;GAO
7782997;GAO
7783005;GAO
7788050;GAO
7788072;GAO
7788132;GAO
7788149;GAO
7788178;GAO
7788184;GAO
7788209;GAO
7788267;GAO
7788273;GAO
7788280;GAO
7788296;GAO
7788304;GAO
7788327;GAO
7788340;GAO
7810009;S
7810015;S
7810021;S
7810038;S
7810044;S
7810050;S
7810067;S
7810080;S
7810096;S
7810104;S
7810110;S
7810127;S
7810133;S
7810140;S
7810156;S
7810162;S
7810179;S
7810185;S
7810191;S
7810200;S
7810216;S
7810239;S
7810245;S
7810251;S
7810268;S
7810274;S
7810280;S
7810297;S
7810305;S
7810311;S
7810328;S
7810334;S
7810340;S
7810357;S
7810363;S
7810370;S
7810386;S
7810400;S
7810417;S
7810446;S
7810469;S
7810475;S
7810535;S
7810558;S
7810564;S
7810570;S
7810587;S
7810593;S
7810601;S
7810618;S
7810624;S
7810630;S
7810647;S
7810653;S
7810660;S
7810676;S
7810682;S
7810699;S
7810707;S
7810713;S
7810720;S
7810736;S
7810742;S
7810759;S
7810765;S
7810771;S
7810794;S
7810802;S
7810819;S
7810825;S
7810831;S
7810848;S
7810854;S
7810860;S
7810877;S
7810883;S
7810914;S
7810966;S
7810972;S
7810989;S
7811010;S
7811026;S
7811032;S
7811049;S
7811055;S
7811061;S
7811121;S
7811150;S
7811167;S
7811173;S
7811180;S
7811196;S
7811204;S
7811210;S
7811227;S
7811233;S
7811240;S
7811256;S
7811262;S
7811279;S
7811285;S
7811291;S
7811316;S
7811339;S
7811345;S
7811351;S
7811368;S
7811374;S
7811397;S
7811428;S
7811434;S
7811440;S
7811457;S
7811470;S
7811486;S
7811492;S
7811500;S
7811517;S
7811523;S
7811546;S
7811552;S
7811569;S
7811612;S
7811635;S
7811641;S
7811658;S
7811664;S
7811670;S
7811687;S
7811693;S
7811718;S
7811730;S
7811747;S
7811753;S
7811760;S
7811776;S
7811782;S
7811799;S
7811807;S
7811813;S
7811820;S
7811836;S
7811842;S
7811865;S
7811888;S
7811894;S
7811902;S
7811919;S
7811925;S
7811931;S
7811948;S
7811954;S
7811960;S
7811977;S
7811983;S
7811990;S
7812008;S
7812020;S
7812037;S
7812043;S
7812050;S
7812066;S
7812072;S
7812089;S
7812095;S
7812103;S
7812110;S
7812132;S
7812149;S
7812155;S
7812161;S
7812184;S
7812209;S
7812215;S
7812221;S
7812238;S
7812250;S
7812267;S
7812273;S
7812280;S
7812304;S
7812310;S
7812333;S
7812340;S
7812356;S
7812385;S
7812400;S
7812416;S
7812422;S
7812439;S
7812445;S
7812451;S
7812468;S
7812474;S
7812480;S
7812497;S
7812505;S
7812511;S
7812528;S
7812534;S
7812540;S
7812563;S
7812570;S
7812586;S
7812592;S
7812600;S
7812617;S
7812623;S
7812630;S
7812646;S
7812652;S
7812669;S
7812675;S
7812681;S
7812698;S
7812706;S
7812729;S
7812735;S
7812741;S
7812758;S
7812764;S
7812770;S
7812793;S
7812801;S
7812818;S
7812824;S
7812830;S
7812876;S
7812882;S
7812899;S
7812907;S
7812913;S
7812920;S
7812936;S
7812942;S
7812959;S
7812971;S
7812994;S
7813002;S
7813019;S
7813031;S
7813048;S
7813054;S
7813060;S
7813077;S
7813090;S
7813114;S
7813137;S
7813150;S
7813172;S
7813189;S
7813195;S
7813203;S
7813210;S
7813226;S
7813232;S
7813249;S
7813255;S
7813278;S
7813284;S
7813290;S
7813309;S
7813315;S
7813321;S
7813350;S
7813367;S
7813373;S
7813380;S
7813396;S
7813404;S
7813410;S
7813427;S
7813433;S
7813440;S
7813456;S
7813462;S
7813479;S
7813485;S
7813491;S
7813539;S
7813545;S
7813551;S
7813568;S
7813580;S
7813597;S
7813611;S
7813628;S
7813640;S
7813657;S
7813663;S
7813670;S
7813686;S
7813692;S
7813700;S
7813717;S
7813723;S
7813769;S
7813775;S
7813781;S
7813798;S
7813806;S
7813812;S
7813829;S
7813835;S
7813841;S
7813858;S
7813864;S
7813870;S
7813887;S
7813918;S
7813930;S
7813947;S
7813953;S
7813960;S
7813976;S
7813982;S
7814007;S
7814020;S
7814036;S
7814088;S
7814102;S
7814119;S
7814125;S
7814131;S
7814148;S
7814154;S
7814160;S
7814177;S
7814183;S
7814190;S
7814214;S
7814220;S
7814237;S
7814243;S
7814250;S
7814266;S
7814272;S
7814289;S
7814295;S
7814303;S
7814310;S
7814326;S
7814332;S
7814349;S
7814355;S
7814361;S
7814384;S
7814390;S
7814409;S
7814415;S
7814421;S
7814438;S
7814444;S
7814450;S
7814467;S
7814473;S
7814480;S
7814496;S
7814504;S
7814510;S
7814527;S
7814533;S
7814540;S
7814562;S
7814591;S
7814600;S
7814616;S
7814622;S
7814639;S
7814645;S
7814651;S
7814668;S
7814674;S
7814680;S
7814697;S
7814705;S
7814711;S
7814728;S
7814734;S
7814757;S
7814763;S
7814770;S
7814786;S
7814792;S
7814800;S
7814817;S
7814852;S
7814869;S
7814912;S
7814935;S
7814941;S
7814958;S
7814964;S
7814970;S
7814987;S
7814993;S
7815001;S
7815018;S
7815024;S
7815030;S
7815053;S
7815060;S
7815076;S
7815082;S
7815099;S
7815107;S
7815120;S
7815136;S
7815142;S
7815159;S
7815165;S
7815171;S
7815188;S
7815202;S
7815219;S
7815225;S
7815231;S
7815248;S
7815254;S
7815260;S
7815277;S
7815283;S
7815290;S
7815308;S
7815314;S
7815320;S
7815337;S
7815343;S
7815350;S
7815366;S
7815372;S
7815389;S
7815395;S
7815403;S
7815426;S
7815432;S
7815449;S
7815455;S
7815461;S
7815484;S
7815490;S
7815509;S
7815515;S
7815521;S
7815538;S
7815544;S
7815567;S
7815580;S
7815596;S
7815610;S
7815627;S
7815640;S
7815656;S
7815679;S
7815685;S
7815691;S
7815716;S
7815739;S
7815745;S
7815751;S
7815768;S
7815774;S
7815892;S
7815946;S
7815952;S
7815969;S
7816006;S
7816012;S
7816029;S
7816035;S
7816041;S
7816058;S
7816064;S
7816070;S
7816087;S
7816093;S
7816101;S
7816124;S
7816130;S
7816147;S
7816153;S
7816160;S
7816176;S
7816182;S
7816199;S
7816207;S
7816220;S
7816236;S
7816242;S
7816259;S
7816265;S
7816271;S
7816288;S
7816294;S
7816302;S
7816319;S
7816325;S
7816331;S
7816348;S
7816354;S
7816377;S
7816383;S
7816390;S
7816414;S
7816420;S
7816437;S
7816450;S
7816466;S
7816472;S
7816495;S
7816503;S
7816510;S
7816526;S
7816532;S
7816549;S
7816555;S
7816561;S
7816590;S
7816621;S
7816638;S
7816644;S
7816650;S
7816667;S
7816673;S
7816680;S
7816696;S
7816704;S
7816710;S
7816727;S
7816733;S
7816740;S
7816756;S
7816762;S
7816779;S
7816785;S
7816791;S
7816845;S
7816851;S
7816868;S
7816874;S
7816880;S
7816897;S
7816911;S
7816928;S
7816934;S
7816940;S
7816957;S
7816963;S
7816970;S
7816986;S
7816992;S
7817000;S
7817017;S
7817052;S
7817129;S
7817135;S
7817141;S
7817158;S
7817164;S
7817170;S
7817187;S
7817193;S
7817224;S
7817260;S
7817276;S
7817359;S
7817365;S
7817419;S
7817431;S
7817460;S
7817514;S
7817550;S
7817572;S
7817589;S
7817610;S
7817632;S
7817655;S
7817661;S
7817678;S
7817684;S
7817690;S
7817709;S
7817715;S
7817780;S
7818070;S
7818583;S
7818590;S
7818608;S
7818620;S
7818637;S
7818643;S
7818650;S
7818672;S
7818689;S
7818695;S
7818710;S
7818726;S
7818732;S
7818749;S
7818755;S
7818761;S
7818778;S
7818790;S
7818809;S
7818815;S
7818821;S
7818838;S
7818850;S
7818867;S
7818896;S
7818927;S
7818933;S
7818940;S
7818956;S
7818962;S
7818979;S
7818985;S
7818991;S
7819000;S
7819016;S
7819022;S
7819039;S
7819045;S
7819051;S
7819068;S
7819074;S
7819080;S
7819105;S
7819111;S
7819128;S
7819134;S
7819140;S
7819157;S
7819163;S
7819170;S
7819186;S
7819192;S
7819200;S
7819217;S
7819223;S
7819230;S
7819246;S
7819252;S
7819269;S
7819275;S
7819281;S
7819298;S
7819306;S
7819312;S
7819329;S
7819335;S
7819341;S
7819358;S
7819364;S
7819370;S
7819387;S
7819393;S
7819401;S
7819418;S
7819424;S
7819430;S
7819447;S
7819453;S
7819460;S
7819476;S
7819482;S
7819499;S
7819507;S
7819513;S
7819520;S
7819536;S
7819542;S
7819559;S
7819571;S
7819594;S
7819602;S
7819619;S
7819631;S
7819648;S
7819660;S
7819677;S
7819720;S
7819766;S
7819789;S
7819890;S
7819921;S
7819938;S
7819944;S
7819950;S
7819967;S
7819973;S
7819996;S
7820002;S
7820048;S
7820054;S
7820060;S
7820077;S
7820083;S
7820114;S
7820120;S
7820137;S
7820143;S
7820195;S
7820203;S
7820210;S
7820350;S
7820396;S
7820427;S
7820433;S
7820440;S
7820462;S
7820545;S
7820551;S
7820568;S
7820574;S
7820580;S
7820597;S
7820611;S
7820628;S
7820634;S
7820657;S
7820686;S
7820723;S
7821415;S
7821600;S
7821622;S
7822604;S
7822610;S
7823532;S
7823549;S
7823555;S
7823561;S
7823578;S
7823644;S
7823667;S
7823673;S
7823680;S
7823696;S
7823704;S
7823710;S
7823727;S
7823733;S
7823740;S
7823762;S
7823785;S
7823791;S
7823800;S
7823839;S
7823874;S
7823880;S
7823911;S
7823928;S
7823934;S
7823940;S
7823957;S
7823963;S
7823970;S
7823986;S
7823992;S
7824000;S
7824017;S
7824023;S
7824030;S
7824046;S
7824052;S
7824069;S
7824164;S
7824253;S
7824260;S
7824276;S
7824282;S
7824299;S
7824307;S
7824626;S
7825382;S
7825548;S
7825554;S
7825577;S
7825583;S
7825650;S
7825666;S
7825672;S
7825689;S
7825703;S
7825726;S
7825732;S
7825749;S
7825755;S
7825761;S
7825778;S
7825784;S
7825790;S
7825809;S
7825815;S
7825821;S
7825838;S
7825844;S
7825867;S
7825873;S
7825880;S
7825896;S
7825904;S
7825910;S
7825927;S
7825933;S
7825940;S
7825956;S
7825962;S
7825979;S
7825991;S
7826000;S
7826039;S
7826045;S
7826051;S
7826068;S
7826074;S
7826080;S
7826097;S
7826105;S
7826111;S
7826128;S
7826140;S
7826163;S
7826170;S
7826186;S
7826192;S
7826200;S
7826217;S
7826223;S
7826230;S
7826246;S
7826269;S
7826275;S
7826306;S
7826329;S
7826335;S
7826358;S
7826364;S
7826370;S
7826387;S
7826393;S
7826401;S
7826418;S
7826424;S
7826430;S
7826447;S
7826453;S
7826460;S
7826476;S
7826482;S
7826499;S
7826542;S
7826559;S
7826565;S
7826571;S
7826588;S
7826594;S
7826602;S
7826619;S
7826631;S
7826654;S
7826660;S
7826677;S
7826683;S
7826690;S
7826708;S
7826714;S
7826720;S
7826737;S
7826743;S
7826750;S
7826766;S
7826772;S
7826789;S
7826795;S
7826803;S
7826810;S
7826826;S
7826832;S
7826849;S
7826855;S
7826861;S
7826878;S
7826884;S
7826890;S
7826915;S
7826938;S
7826944;S
7826950;S
7826967;S
7826980;S
7826996;S
7827004;S
7827010;S
7827033;S
7827040;S
7827056;S
7827085;S
7827091;S
7827100;S
7827116;S
7827122;S
7827145;S
7827151;S
7827168;S
7827174;S
7827180;S
7827197;S
7827205;S
7827211;S
7827228;S
7827240;S
7827257;S
7827263;S
7827270;S
7827286;S
7827300;S
7827317;S
7827323;S
7827330;S
7827346;S
7827375;S
7827381;S
7827398;S
7827406;S
7827412;S
7827429;S
7827435;S
7827441;S
7827458;S
7827464;S
7827470;S
7827487;S
7827493;S
7827501;S
7827518;S
7827524;S
7827530;S
7827547;S
7827553;S
7827560;S
7827665;S
7827671;S
7827702;S
7827719;S
7827725;S
7827731;S
7827748;S
7827754;S
7827760;S
7827777;S
7827783;S
7827790;S
7827808;S
7827814;S
7827820;S
7827837;S
7827843;S
7827850;S
7827903;S
7827926;S
7827949;S
7827955;S
7827984;S
7827990;S
7828009;S
7828015;S
7828021;S
7828038;S
7828044;S
7828050;S
7828067;S
7828073;S
7828080;S
7828096;S
7828104;S
7828110;S
7828133;S
7828140;S
7828156;S
7828162;S
7828179;S
7828185;S
7828191;S
7828200;S
7828216;S
7828222;S
7828239;S
7828311;S
7828334;S
7828363;S
7828370;S
7828386;S
7828400;S
7828423;S
7828430;S
7828446;S
7828469;S
7828481;S
7828498;S
7828512;S
7828529;S
7828535;S
7828570;S
7828587;S
7828593;S
7828601;S
7828618;S
7828660;S
7828713;S
7828771;S
7828788;S
7828802;S
7828825;S
7828831;S
7828943;S
7828950;S
7829055;S
7829084;S
7829090;S
7829115;S
7829121;S
7829138;S
7829144;S
7829167;S
7829210;S
7829233;S
7829262;S
7829434;S
7829552;S
7829575;S
7829693;S
7829747;S
7829813;S
7829820;S
7829836;S
7829842;S
7829888;S
7829894;S
7829902;S
7829919;S
7829925;S
7829931;S
7829948;S
7829960;S
7829977;S
7829983;S
7829990;S
7830006;S
7830029;S
7830035;S
7830041;S
7830058;S
7830064;S
7830118;S
7830124;S
7830153;S
7830207;S
7830331;S
7830348;S
7830354;S
7830383;S
7830390;S
7830408;S
7830450;S
7830466;S
7830472;S
7830489;S
7830650;S
7830673;S
7830822;S
7830845;S
7830851;S
7830868;S
7830880;S
7830897;S
7830905;S
7830911;S
7830928;S
7830934;S
7830940;S
7830957;S
7830963;S
7830970;S
7830986;S
7831030;S
7831052;S
7831075;S
7831106;S
7831170;S
7831299;S
7831359;S
7831388;S
7831425;S
7831431;S
7831448;S
7831477;S
7831483;S
7831490;S
7831514;S
7831520;S
7831537;S
7831543;S
7831550;S
7831566;S
7831572;S
7831589;S
7831595;S
7831603;S
7831610;S
7831678;S
7831684;S
7831738;S
7831744;S
7831750;S
7831767;S
7831780;S
7831796;S
7831810;S
7831827;S
7831833;S
7831840;S
7831856;S
7831862;S
7831879;S
7831885;S
7831891;S
7831900;S
7831916;S
7831980;S
7832011;S
7832028;S
7832034;S
7832040;S
7832063;S
7832070;S
7832092;S
7832100;S
7832117;S
7832146;S
7832152;S
7832169;S
7832175;S
7832198;S
7832212;S
7832229;S
7832235;S
7832241;S
7832287;S
7832347;S
7832413;S
7832436;S
7832459;S
7832488;S
7832590;S
7832614;S
7832637;S
7832650;S
7832666;S
7832672;S
7832689;S
7832695;S
7832703;S
7832710;S
7832726;S
7832732;S
7832749;S
7832755;S
7832761;S
7832778;S
7832784;S
7832790;S
7832809;S
7832815;S
7832821;S
7832844;S
7832850;S
7832867;S
7832873;S
7832880;S
7832896;S
7832904;S
7832910;S
7832927;S
7832933;S
7832940;S
7832991;S
7833000;S
7833039;S
7833192;S
7833223;S
7833230;S
7833246;S
7833252;S
7833298;S
7833306;S
7833312;S
7833329;S
7833335;S
7833364;S
7833370;S
7833387;S
7833393;S
7833418;S
7833424;S
7833447;S
7833476;S
7833499;S
7833513;S
7833565;S
7833571;S
7833648;S
7833654;S
7833683;S
7833909;S
7833973;S
7834010;S
7834168;S
7834234;S
7834240;S
7834270;S
7834487;S
7834493;S
7834530;S
7834547;S
7834553;S
7834702;S
7834725;S
7834748;S
7834820;S
7834843;S
7834866;S
7834872;S
7834889;S
7834895;S
7834903;S
7834910;S
7834932;S
7834949;S
7834955;S
7834961;S
7834978;S
7834990;S
7835015;S
7835021;S
7835038;S
7835080;S
7835096;S
7835110;S
7835156;S
7835245;S
7835280;S
7835297;S
7835305;S
7835311;S
7835328;S
7835370;S
7835392;S
7835417;S
7835423;S
7835446;S
7835452;S
7835469;S
7835475;S
7835481;S
7835512;S
7835529;S
7835535;S
7835541;S
7835570;S
7835601;S
7835618;S
7835624;S
7835660;S
7835676;S
7835682;S
7835699;S
7835759;S
7835765;S
7835788;S
7835802;S
7835819;S
7835825;S
7835848;S
7835877;S
7835989;S
7836090;S
7836109;S
7836115;S
7836138;S
7836144;S
7836150;S
7836167;S
7836173;S
7836180;S
7836196;S
7836240;S
7836262;S
7836434;S
7836440;S
7836463;S
7836492;S
7836500;S
7836523;S
7836552;S
7836575;S
7836581;S
7836598;S
7836606;S
7836612;S
7836629;S
7836635;S
7836641;S
7836658;S
7836664;S
7836670;S
7836820;S
7836859;S
7836865;S
7836871;S
7836888;S
7836919;S
7836925;S
7836990;S
7837020;S
7837072;S
7837110;S
7837126;S
7837149;S
7837215;S
7837310;S
7837327;S
7837333;S
7837385;S
7837391;S
7837416;S
7837468;S
7837497;S
7837557;S
7837652;S
7837675;S
7837735;S
7837764;S
7837818;S
7837824;S
7837830;S
7837853;S
7837860;S
7837876;S
7837882;S
7837899;S
7837907;S
7837965;S
7837971;S
7838025;S
7838054;S
7838120;S
7838166;S
7838172;S
7838189;S
7838203;S
7838210;S
7838226;S
7838232;S
7838249;S
7838261;S
7838278;S
7838284;S
7838290;S
7838309;S
7838338;S
7838350;S
7838367;S
7838373;S
7838380;S
7838427;S
7838433;S
7838456;S
7838491;S
7838500;S
7838522;S
7838539;S
7838545;S
7838551;S
7838568;S
7838574;S
7838580;S
7838597;S
7838605;S
7838611;S
7838628;S
7838634;S
7838640;S
7838657;S
7838663;S
7838670;S
7838723;S
7838746;S
7838769;S
7838775;S
7838858;S
7838887;S
7838893;S
7838901;S
7838924;S
7838930;S
7838947;S
7838960;S
7838976;S
7838999;S
7839007;S
7839020;S
7839088;S
7839094;S
7839102;S
7839125;S
7839131;S
7839148;S
7839154;S
7839160;S
7839183;S
7839190;S
7839208;S
7839214;S
7839220;S
7839237;S
7839266;S
7839272;S
7839295;S
7839310;S
7839326;S
7839332;S
7839349;S
7839361;S
7839378;S
7839384;S
7839390;S
7839409;S
7839415;S
7839421;S
7839438;S
7839444;S
7839450;S
7839467;S
7839473;S
7839480;S
7839527;S
7839533;S
7839556;S
7839705;S
7839711;S
7839728;S
7839740;S
7839757;S
7839763;S
7839770;S
7839786;S
7839792;S
7839800;S
7839817;S
7839823;S
7839830;S
7839846;S
7839941;S
7839958;S
7839970;S
7840000;S
7840140;S
7840186;S
7840269;S
7840312;S
7840370;S
7840424;S
7840430;S
7840453;S
7840476;S
7840482;S
7840507;S
7840513;S
7840571;S
7840766;S
7840772;S
7840826;S
7840832;S
7840855;S
7840861;S
7840878;S
7840884;S
7840909;S
7840915;S
7840921;S
7840938;S
7840944;S
7840950;S
7840967;S
7840973;S
7840980;S
7840996;S
7841004;S
7841079;S
7841085;S
7841091;S
7841122;S
7841139;S
7841145;S
7841151;S
7841330;S
7841493;S
7841524;S
7841547;S
7841560;S
7841576;S
7841599;S
7841607;S
7841719;S
7841748;S
7841754;S
7841777;S
7841790;S
7841808;S
7841820;S
7841903;S
7841926;S
7841932;S
7841955;S
7841961;S
7841978;S
7841984;S
7841990;S
7842009;S
7842015;S
7842021;S
7842038;S
7842044;S
7842050;S
7842179;S
7842216;S
7842363;S
7842386;S
7842469;S
7842506;S
7842558;S
7842564;S
7842630;S
7842660;S
7842676;S
7842682;S
7842713;S
7842720;S
7842736;S
7842742;S
7842759;S
7842771;S
7842788;S
7842794;S
7842802;S
7842819;S
7842937;S
7842943;S
7842966;S
7842972;S
7842989;S
7842995;S
7843032;S
7843049;S
7843055;S
7843061;S
7843084;S
7843115;S
7843121;S
7843138;S
7843144;S
7843150;S
7843173;S
7843180;S
7843196;S
7843204;S
7843210;S
7843256;S
7843262;S
7843279;S
7843285;S
7843291;S
7843300;S
7843316;S
7843339;S
7843380;S
7843463;S
7843470;S
7843486;S
7843492;S
7843517;S
7843530;S
7843546;S
7843552;S
7843575;S
7843581;S
7843598;S
7843606;S
7843612;S
7843629;S
7843670;S
7843687;S
7843693;S
7843701;S
7843718;S
7843724;S
7843799;S
7843807;S
7843813;S
7843865;S
7843871;S
7843888;S
7843902;S
7843919;S
7843925;S
7843948;S
7843954;S
7843960;S
7843977;S
7843983;S
7843990;S
7844008;S
7844014;S
7844020;S
7844037;S
7844043;S
7844149;S
7844190;S
7844340;S
7844356;S
7844379;S
7844385;S
7844391;S
7844400;S
7844416;S
7844439;S
7844445;S
7844451;S
7844468;S
7844474;S
7844480;S
7844557;S
7844600;S
7844617;S
7844623;S
7844630;S
7844675;S
7844681;S
7844698;S
7844706;S
7844801;S
7844830;S
7844847;S
7844853;S
7844907;S
7844913;S
7844920;S
7844936;S
7844988;S
7845002;S
7845025;S
7845031;S
7845054;S
7845090;S
7845137;S
7845143;S
7845278;S
7845350;S
7845367;S
7845404;S
7845410;S
7845433;S
7845440;S
7845479;S
7845485;S
7845500;S
7845516;S
7845522;S
7845539;S
7845545;S
7845551;S
7845568;S
7845574;S
7845580;S
7845605;S
7845611;S
7845628;S
7845634;S
7845640;S
7845657;S
7845663;S
7845670;S
7845686;S
7845717;S
7845730;S
7845746;S
7845752;S
7845769;S
7845775;S
7845806;S
7845812;S
7845829;S
7845858;S
7845947;S
7845976;S
7845982;S
7846059;S
7846065;S
7846119;S
7846131;S
7846148;S
7846160;S
7846177;S
7846183;S
7846190;S
7846208;S
7846243;S
7846272;S
7846289;S
7846326;S
7846332;S
7846349;S
7846384;S
7846390;S
7846409;S
7846444;S
7846467;S
7846473;S
7846504;S
7846510;S
7846527;S
7846533;S
7846540;S
7846579;S
7846616;S
7846639;S
7846645;S
7846651;S
7846674;S
7846680;S
7846711;S
7846728;S
7846734;S
7846740;S
7846763;S
7846770;S
7846800;S
7846823;S
7846830;S
7846846;S
7846881;S
7846898;S
7846912;S
7846935;S
7847001;S
7847024;S
7847030;S
7847053;S
7847060;S
7847076;S
7847120;S
7847136;S
7847165;S
7847171;S
7847254;S
7847320;S
7847337;S
7847350;S
7847389;S
7847395;S
7847426;S
7847432;S
7847449;S
7847455;S
7847461;S
7847484;S
7847521;S
7847538;S
7847550;S
7847567;S
7847580;S
7847662;S
7847679;S
7847691;S
7847700;S
7847722;S
7847739;S
7847745;S
7847768;S
7847774;S
7847870;S
7847892;S
7847900;S
7847946;S
7847952;S
7847981;S
7848006;S
7848012;S
7848029;S
7848041;S
7848064;S
7848070;S
7848087;S
7848093;S
7848118;S
7848124;S
7848153;S
7848160;S
7848182;S
7848207;S
7848213;S
7848259;S
7848265;S
7848319;S
7848360;S
7848390;S
7848408;S
7848414;S
7848437;S
7848443;S
7848466;S
7848472;S
7848489;S
7848495;S
7848503;S
7848532;S
7848549;S
7848561;S
7848578;S
7848584;S
7848673;S
7848727;S
7848733;S
7848762;S
7848779;S
7848800;S
7848822;S
7848839;S
7848845;S
7848897;S
7848970;S
7848986;S
7849052;S
7849075;S
7849081;S
7849201;S
7849260;S
7849282;S
7849307;S
7849336;S
7849342;S
7849365;S
7849425;S
7849431;S
7849490;S
7849595;S
7849626;S
7849649;S
7849678;S
7849690;S
7849744;S
7849780;S
7849862;S
7849900;S
7849945;S
7849951;S
7849974;S
7850010;S
7850032;S
7850078;S
7850084;S
7850115;S
7850144;S
7850167;S
7850173;S
7850233;S
7850279;S
7850285;S
7850368;S
7850374;S
7850428;S
7850486;S
7850552;S
7850598;S
7850606;S
7850612;S
7850629;S
7850635;S
7850641;S
7850670;S
7850724;S
7850730;S
7850747;S
7850776;S
7850807;S
7850820;S
7850859;S
7850888;S
7850925;S
7850931;S
7850948;S
7850954;S
7850983;S
7851014;S
7851020;S
7851043;S
7851050;S
7851095;S
7851103;S
7851132;S
7851178;S
7851184;S
7851190;S
7851238;S
7851385;S
7851400;S
7851416;S
7851445;S
7851468;S
7851570;S
7851617;S
7851630;S
7851646;S
7851652;S
7851729;S
7851764;S
7851801;S
7851876;S
7851942;S
7851959;S
7851994;S
7852019;S
7852048;S
7852090;S
7852114;S
7852189;S
7852195;S
7852210;S
7852226;S
7852249;S
7852261;S
7852315;S
7852380;S
7852456;S
7852491;S
7852500;S
7852597;S
7852634;S
7852640;S
7852657;S
7852670;S
7852686;S
7852717;S
7852723;S
7852775;S
7852812;S
7852835;S
7852841;S
7852918;S
7852930;S
7852999;S
7853013;S
7853036;S
7853042;S
7853094;S
7853119;S
7853131;S
7853154;S
7853190;S
7853208;S
7853214;S
7853289;S
7853349;S
7853361;S
7854308;S
7854314;S
7854337;S
7854432;S
7856780;S
7856796;S
7856810;S
7856827;S
7856833;S
7856862;S
7856879;S
7856885;S
7856891;S
7856900;S
7856922;S
7856939;S
7856968;S
7856974;S
7857005;S
7857011;S
7857028;S
7857040;S
7857057;S
7857063;S
7857070;S
7857100;S
7857117;S
7857123;S
7857130;S
7857146;S
7857175;S
7857181;S
7857198;S
7857206;S
7857471;S
7857643;S
7857778;S
7857844;S
7858200;S
7858217;S
7858306;S
7858312;S
7858370;S
7858424;S
7858460;S
7858513;S
7858520;S
7858571;S
7858588;S
7858594;S
7858602;S
7858631;S
7858683;S
7858737;S
7858743;S
7858750;S
7858766;S
7858789;S
7858795;S
7858803;S
7858810;S
7858855;S
7858878;S
7858938;S
7858944;S
7858967;S
7859004;S
7859010;S
7859027;S
7859033;S
7859040;S
7859056;S
7859062;S
7859079;S
7859085;S
7859091;S
7859100;S
7859116;S
7859151;S
7859168;S
7859174;S
7859180;S
7859197;S
7859228;S
7859234;S
7859257;S
7859270;S
7859317;S
7859381;S
7859429;S
7859435;S
7859464;S
7859470;S
7859493;S
7859501;S
7859553;S
7859560;S
7859599;S
7859613;S
7859620;S
7859659;S
7859665;S
7859671;S
7859694;S
7859725;S
7859748;S
7859760;S
7859777;S
7859783;S
7859790;S
7859808;S
7859814;S
7859820;S
7859837;S
7859843;S
7859866;S
7859872;S
7859889;S
7859895;S
7859910;S
7859926;S
7859949;S
7859978;S
7859984;S
7859990;S
7860007;S
7860013;S
7860020;S
7860042;S
7860065;S
7860119;S
7860125;S
7860190;S
7860208;S
7860214;S
7860243;S
7860303;S
7860332;S
7860473;S
7860510;S
7860533;S
7860540;S
7860562;S
7860585;S
7860600;S
7860616;S
7860639;S
7860645;S
7860792;S
7860800;S
7860817;S
7860830;S
7861225;S
7861461;S
7861550;S
7861633;S
7861640;S
7861716;S
7861745;S
7861751;S
7861946;S
7861952;S
7861969;S
7861975;S
7861981;S
7861998;S
7862006;S
7862012;S
7862029;S
7862118;S
7862124;S
7862153;S
7862199;S
7862207;S
7862213;S
7862242;S
7862319;S
7862331;S
7862360;S
7862390;S
7862408;S
7862466;S
7862561;S
7862578;S
7862584;S
7862590;S
7862615;S
7862621;S
7862638;S
7862644;S
7862650;S
7862667;S
7862704;S
7862727;S
7862756;S
7862779;S
7862816;S
7862839;S
7862928;S
7863075;S
7863081;S
7863106;S
7863112;S
7863129;S
7863135;S
7863164;S
7863170;S
7863187;S
7863193;S
7863247;S
7863253;S
7863260;S
7863276;S
7863282;S
7864034;S
7864057;S
7864070;S
7864100;S
7864117;S
7864123;S
7864175;S
7864206;S
7864212;S
7864229;S
7864235;S
7864241;S
7864264;S
7864270;S
7864287;S
7864301;S
7864318;S
7864330;S
7873990;S
7876853;S
7882457;S
7883362;S
7892823;S
7894673;S
7896465;S
8110001;M
8110024;M
8110030;M
8110047;M
8110053;M
8110060;C
8110076;C
8110082;C
8110099;M
8110107;M
8110113;M
8110120;M
8110136;M
8110159;M
8110165;M
8110171;C
8110188;M
8110194;C
8110202;M
8110219;M
8110225;M
8110231;M
8110254;M
8110260;M
8110277;M
8110283;M
8110290;M
8110314;M
8110320;M
8110337;M
8110372;M
8110403;M
8110410;M
8110426;M
8110432;M
8110449;M
8110455;M
8110478;M
8110484;M
8110509;M
8110515;M
8110521;M
8110538;M
8110544;M
8110567;M
8110580;M
8110610;M
8110627;M
8110633;M
8110640;M
8110656;M
8110679;M
8110685;M
8110691;M
8110716;M
8110722;M
8110739;M
8110745;M
8110751;M
8110768;M
8110774;M
8110780;M
8110797;M
8110805;M
8110811;M
8110828;M
8110834;M
8110840;M
8110863;M
8110870;M
8110892;M
8110900;M
8110917;M
8110923;M
8110930;M
8110952;M
8110975;C
8110981;M
8110998;M
8111006;M
8111029;M
8111064;M
8111087;C
8111093;C
8111101;M
8111118;M
8111124;M
8111130;M
8111147;M
8111160;C
8111176;M
8111199;M
8111207;M
8111213;M
8111220;M
8111236;M
8111242;M
8111259;M
8111271;M
8111288;M
8111294;M
8111302;M
8111319;M
8111325;M
8111331;M
8111348;M
8111360;M
8111377;M
8111383;M
8111390;M
8111408;M
8111414;M
8111420;M
8111437;M
8111443;M
8111450;M
8111466;M
8111472;M
8111495;M
8111503;M
8111510;M
8111549;M
8111555;M
8111561;M
8111578;M
8111584;C
8111590;C
8111609;M
8111615;M
8111621;M
8111638;M
8111644;C
8111650;C
8111673;C
8111680;M
8111696;C
8111704;S
8111710;M
8111733;M
8111740;M
8111756;M
8111779;M
8111791;M
8111816;M
8111822;M
8111839;M
8111845;M
8111868;C
8111874;C
8111880;M
8111897;C
8111905;M
8111911;C
8111928;M
8111934;C
8111940;M
8111957;M
8111963;C
8111970;M
8111986;C
8111992;M
8112000;C
8112017;M
8112023;C
8112030;M
8112046;C
8112052;M
8112069;C
8112075;M
8112081;C
8112098;C
8112106;C
8112112;C
8112129;C
8112135;C
8112141;C
8112158;C
8112164;M
8112187;M
8112193;M
8112201;M
8112218;M
8112224;M
8112247;M
8112253;M
8112260;M
8112282;C
8112307;M
8112313;M
8112336;M
8112365;A
8112371;A
8112402;M
8112419;M
8112425;M
8112431;A
8112566;M
8112649;M
8112780;C
8112796;M
8112804;M
8112810;M
8112833;C
8112840;C
8112862;C
8112879;M
8112885;M
8112900;M
8112922;M
8112945;M
8112951;M
8112974;M
8112980;C
8113005;M
8113011;M
8113028;M
8113034;M
8113040;M
8113057;M
8113063;M
8113070;M
8113086;M
8113092;M
8113100;M
8113117;M
8113123;C
8113130;M
8113146;C
8113152;M
8113169;M
8113175;M
8113181;M
8113198;C
8113206;C
8113241;A
8113258;A
8113264;A
8113531;M
8113548;A
8113554;A
8113560;A
8113577;A
8113583;R
8113614;M
8113620;M
8113637;M
8113643;R
8113650;M
8113689;M
8113695;M
8113703;M
8113979;M
8113985;M
8114045;M
8114068;M
8114157;M
8114163;M
8114192;M
8114750;M
8114772;M
8114789;M
8114795;M
8114803;M
8114810;M
8114832;M
8114849;M
8114855;M
8114861;M
8114878;M
8114884;M
8114890;M
8114909;M
8114915;M
8114938;M
8114944;M
8114950;M
8114967;M
8114973;M
8115168;M
8115174;M
8115180;M
8115197;M
8115205;M
8115211;M
8115228;M
8115240;M
8115263;M
8115270;M
8115286;M
8115292;M
8115300;M
8115317;M
8115323;G
8115330;M
8115346;G
8115352;M
8115369;M
8115375;M
8115381;M
8115398;M
8115406;M
8115412;M
8115429;M
8115435;M
8115441;M
8115458;M
8115464;M
8115470;M
8115487;M
8115493;M
8115582;M
8115599;M
8115607;M
8115613;M
8115620;M
8115688;M
8115719;M
8115725;M
8115731;M
8115748;C
8115754;M
8115760;M
8115783;M
8115790;M
8115808;M
8115820;M
8115843;M
8115866;M
8115872;M
8115889;C
8115895;M
8115903;C
8116446;M
8116535;M
8116541;M
8116587;M
8116676;A
8116699;C
8116765;M
8116825;M
8116848;M
8116854;M
8116860;M
8116908;M
8116943;M
8116950;M
8116972;M
8116989;M
8116995;M
8117003;M
8117010;M
8117173;M
8118132;M
8118149;M
8118155;M
8119090;C
8119226;C
8119261;C
8119290;A
8119367;C
8119380;M
8119485;G
8119516;M
8119539;M
8119545;M
8119551;C
8119568;M
8119605;M
8119670;M
8119841;M
8119864;M
8119887;M
8119901;M
8119930;M
8119953;M
8119960;M
8119982;M
8119999;M
8120011;M
8120028;M
8120034;M
8120040;M
8120057;M
8120070;M
8120092;M
8120169;M
8120235;M
8120264;M
8120318;M
8120353;M
8120376;M
8120459;M
8120488;M
8120815;M
8120821;M
8120838;M
8120844;M
8120850;M
8120873;M
8120896;M
8120910;M
8120927;M
8120933;M
8120940;M
8120956;M
8120962;M
8120979;M
8120985;M
8120991;M
8121000;M
8121016;M
8121022;M
8121039;M
8121140;M
8121170;M
8121192;M
8121246;M
8121269;M
8121275;M
8121312;C
8121329;M
8121335;M
8121341;M
8121358;M
8121364;M
8121507;M
8121542;M
8121602;M
8121683;M
8121690;M
8121708;M
8121714;M
8121720;M
8121737;M
8121915;M
8121921;M
8121938;M
8121944;M
8121950;M
8121967;M
8121973;A
8122406;M
8122458;M
8122518;M
8122530;M
8122576;M
8122636;M
8122659;M
8122665;M
8122688;M
8122694;M
8122702;M
8123156;M
8123162;M
8123179;M
8123185;M
8123191;M
8123200;M
8123216;M
8123222;M
8123239;M
8123245;M
8123251;M
8123268;M
8123400;M
8123423;M
8123469;M
8123541;M
8123570;M
8124569;M
8124575;M
8124581;M
8124902;M
8124925;M
8124977;M
8124983;M
8125020;M
8125043;M
8125066;M
8125072;M
8125095;M
8125103;M
8125132;M
8125161;M
8125178;M
8125184;M
8125215;M
8125238;M
8125244;M
8125250;M
8125267;M
8125273;M
8125280;M
8125296;M
8125304;M
8125310;M
8125327;M
8125333;M
8125340;M
8125356;M
8125362;M
8125379;M
8125385;M
8125391;M
8125400;M
8125416;M
8125422;M
8125439;M
8125445;M
8125451;M
8125468;M
8125474;M
8125600;M
8125675;M
8125681;M
8125698;M
8125712;M
8125729;M
8125758;M
8125764;M
8125770;M
8125793;M
8125818;M
8125830;M
8125876;M
8125882;M
8125899;M
8125913;M
8125971;M
8125988;M
8126002;M
8126031;M
8126048;M
8126054;M
8126060;M
8126077;M
8126083;M
8126090;M
8126108;M
8126114;M
8126120;M
8126137;M
8126143;M
8126150;M
8126166;M
8126172;M
8126189;M
8126195;M
8126203;M
8126210;M
8126226;M
8126278;M
8126284;M
8126290;M
8126315;M
8126321;M
8126344;M
8126350;M
8126373;M
8126396;M
8126404;M
8126410;M
8126427;M
8126433;M
8126462;M
8126500;C
8126516;C
8126522;C
8126545;M
8126551;C
8126568;M
8126580;M
8126597;C
8126605;A
8126611;C
8126628;C
8126806;M
8126835;M
8126858;M
8127148;C
8127154;M
8127160;M
8127177;M
8127183;M
8127190;M
8127208;M
8127214;M
8127220;M
8127237;M
8127243;M
8127250;M
8127266;M
8127272;M
8127378;C
8127390;C
8127496;M
8127562;M
8127579;M
8127600;M
8127616;M
8127622;M
8127639;M
8127645;M
8127651;M
8127668;M
8127680;M
8127697;M
8127705;M
8127711;M
8127728;M
8127734;M
8127757;M
8127763;M
8127770;M
8127993;M
8128001;M
8128018;M
8128024;M
8128053;M
8128076;M
8128567;M
8128580;M
8128610;M
8128627;M
8128633;M
8128662;M
8128679;M
8128691;M
8128700;M
8128716;M
8128722;M
8128739;M
8128768;M
8128774;M
8128780;M
8128797;M
8128834;M
8128870;M
8128886;M
8128923;M
8128946;M
8128969;M
8128981;M
8129006;M
8129029;M
8129041;M
8129058;M
8129064;M
8129070;M
8129087;M
8129093;M
8129101;M
8129124;M
8129130;M
8129147;M
8129153;M
8129160;M
8129176;M
8129182;M
8129199;M
8129207;M
8129213;M
8129220;M
8129236;M
8129265;M
8129271;M
8129288;M
8129294;R
8129302;R
8129319;R
8129331;R
8129348;M
8129354;M
8129360;M
8129390;M
8129408;M
8129414;M
8129420;M
8129437;M
8129443;M
8129450;M
8129466;M
8129510;M
8129526;M
8129549;M
8129555;M
8129561;M
8129578;M
8129584;M
8129590;M
8129609;M
8129615;M
8129621;M
8129638;M
8129644;M
8129650;M
8129667;M
8129673;M
8129680;M
8129816;M
8129822;M
8129839;M
8129970;M
8130009;M
8130015;M
8130038;M
8130044;M
8130067;M
8130239;M
8130699;M
8130707;C
8130713;M
8130736;M
8130742;M
8130759;M
8130765;M
8130771;M
8130788;M
8130802;M
8130819;M
8130825;M
8130831;M
8130848;M
8130920;M
8130937;M
8130943;M
8130950;M
8130966;M
8130972;M
8130989;M
8130995;C
8131003;M
8131010;M
8131049;M
8131055;M
8131061;M
8131109;M
8131121;M
8131138;M
8131150;M
8131167;M
8131180;M
8131196;M
8131204;M
8131210;M
8131227;M
8131233;M
8131240;M
8131256;M
8131262;M
8131279;M
8131285;M
8131291;M
8131300;M
8131316;M
8131322;M
8131339;M
8131345;M
8131351;M
8131368;M
8131374;M
8131380;M
8131397;M
8131405;M
8131411;M
8131428;M
8131434;M
8131440;M
8131463;M
8131470;M
8131492;M
8131517;M
8131523;M
8131530;M
8131546;M
8131569;M
8131575;M
8131670;M
8131693;M
8131753;M
8131760;M
8131776;M
8131813;M
8131820;M
8131836;M
8131842;M
8131859;M
8131865;M
8131888;M
8131894;M
8131902;M
8131919;M
8131925;M
8131931;M
8131948;M
8131977;M
8131983;M
8131990;M
8132008;M
8132014;M
8132020;M
8132037;M
8132043;M
8132050;M
8132066;M
8132089;M
8132095;M
8132103;M
8132110;M
8132126;M
8132132;M
8132149;M
8132155;M
8132221;M
8132250;M
8132273;M
8132310;M
8132327;M
8132333;M
8132340;M
8132356;M
8132362;M
8132379;M
8132385;M
8132391;M
8133077;M
8133083;M
8133090;M
8133108;M
8133114;M
8133120;M
8133137;M
8133143;M
8133150;M
8133166;M
8133172;M
8133189;M
8133195;M
8133210;M
8133226;M
8133261;M
8133284;M
8133290;M
8133309;M
8133605;M
8133634;M
8133640;M
8133657;M
8133663;M
8133670;C
8133686;C
8133692;M
8133700;M
8133723;M
8133730;M
8133746;M
8133752;M
8133769;M
8133798;M
8133829;M
8133835;M
8133841;M
8133858;M
8133864;M
8133870;M
8133887;M
8133893;M
8133901;M
8133918;M
8133924;C
8133930;M
8133947;M
8133960;M
8133976;M
8133982;M
8133999;M
8134007;C
8134013;M
8134020;M
8134036;M
8134059;M
8134065;M
8134071;M
8134088;M
8134102;M
8134119;M
8134125;M
8134131;M
8134154;M
8134160;M
8134177;M
8134183;M
8134190;M
8134208;M
8134214;M
8134220;M
8134237;M
8134243;M
8134250;M
8134266;M
8134272;M
8134289;M
8134295;M
8134303;M
8134310;M
8134326;M
8134332;M
8134349;M
8134355;M
8134361;M
8134378;M
8134384;M
8134390;M
8134409;M
8134415;M
8134421;M
8134438;M
8134444;M
8134450;M
8134467;M
8134473;M
8134480;M
8134496;M
8134504;M
8134510;M
8134527;M
8134533;M
8134540;M
8134556;M
8134562;M
8134579;M
8134585;M
8134591;M
8134600;M
8134639;M
8134645;M
8134651;M
8134668;M
8134674;M
8134734;M
8134763;M
8134786;M
8134800;M
8134823;M
8134830;M
8134846;M
8134852;M
8134869;M
8134875;M
8134881;M
8134898;M
8134906;M
8134912;M
8134929;M
8134935;M
8134941;M
8134958;M
8134964;M
8134970;M
8134987;M
8134993;M
8135001;M
8135018;M
8135024;M
8135030;M
8135047;M
8135053;M
8135060;M
8135076;M
8135082;M
8135099;M
8135107;M
8135113;M
8135120;M
8135159;M
8135165;M
8135171;M
8135194;M
8135219;M
8135231;M
8135254;M
8135260;M
8135283;M
8135314;M
8135350;M
8135366;M
8135389;M
8135395;M
8135403;M
8135410;M
8135426;M
8135432;M
8135449;M
8135455;M
8135461;M
8135478;M
8135484;M
8135490;M
8135509;M
8135610;M
8135633;M
8135640;M
8135662;M
8135679;M
8135685;M
8135691;M
8135739;M
8135751;M
8135768;M
8135780;M
8135805;M
8135811;M
8135834;M
8135840;M
8135969;M
8135975;M
8136006;M
8136029;M
8136058;M
8136070;M
8136176;M
8136259;M
8136265;M
8136319;M
8136348;M
8136354;M
8136360;M
8136383;M
8136390;M
8136408;M
8136414;M
8136420;A
8136437;A
8136443;A
8136450;R
8136561;C
8136590;C
8136756;M
8136762;M
8136779;M
8136785;M
8136791;M
8136800;M
8136816;C
8136822;C
8136839;C
8136845;C
8136851;C
8136868;M
8136874;M
8136880;M
8136897;M
8136905;M
8136911;M
8136928;M
8136934;M
8136940;M
8137017;M
8137158;M
8137193;M
8137276;M
8137307;M
8137320;M
8137336;M
8137359;M
8137365;C
8137371;M
8137388;M
8137394;M
8137402;M
8137419;M
8137425;M
8137431;M
8137448;M
8137454;M
8137460;M
8137477;M
8137483;M
8137490;M
8137508;M
8137572;M
8137603;M
8137610;M
8137661;M
8137721;M
8137738;M
8137767;M
8137780;M
8137804;M
8137810;M
8137827;M
8137833;M
8137840;M
8137856;M
8137862;M
8137879;M
8137885;M
8137891;M
8137900;C
8137916;C
8137951;M
8138040;M
8138057;M
8138063;M
8138070;M
8138086;M
8138100;M
8138117;M
8138123;M
8138130;M
8138146;M
8138152;M
8138169;M
8138175;M
8138181;M
8138198;M
8138206;M
8138212;M
8138229;M
8138235;M
8138258;M
8138264;M
8138270;M
8138287;M
8138293;M
8138324;M
8138399;M
8138420;M
8138442;M
8138465;M
8138471;M
8138488;C
8138494;M
8138502;M
8138519;M
8138525;M
8138548;M
8138608;M
8138614;M
8138620;M
8138703;M
8138710;M
8138749;M
8138755;M
8138761;M
8138778;M
8138784;M
8138809;M
8138904;M
8138910;M
8138962;M
8138979;M
8138985;M
8138991;M
8139000;M
8139022;M
8139039;M
8139045;M
8139128;M
8139134;M
8139140;M
8139157;M
8139163;M
8139170;M
8139186;M
8139200;M
8139217;M
8139223;M
8139230;M
8139246;M
8139269;M
8139275;M
8139306;M
8139312;M
8139329;M
8139335;M
8139341;M
8139358;M
8139364;M
8139430;M
8139447;M
8139453;M
8139460;M
8139602;M
8139619;C
8139625;M
8139631;M
8139648;M
8139654;M
8139660;M
8139677;M
8139683;M
8139772;M
8139789;M
8139795;M
8139803;M
8139810;M
8139826;M
8139849;M
8139855;M
8139861;M
8139878;M
8139884;M
8139890;M
8139909;M
8139915;M
8139921;M
8139938;M
8139944;M
8139950;M
8139973;M
8139980;M
8140002;M
8140031;M
8140083;M
8140108;M
8140114;M
8140172;M
8140189;M
8140195;M
8140203;M
8140278;M
8140284;M
8140290;M
8140309;M
8140315;M
8140321;M
8140338;M
8140344;M
8140551;M
8140568;M
8140574;M
8140628;M
8140640;M
8140657;M
8140663;M
8140692;M
8140700;M
8140717;M
8140723;M
8140730;M
8140746;M
8140752;M
8140769;M
8140775;M
8140781;M
8140798;M
8140806;M
8140812;M
8140829;M
8140841;M
8140887;M
8140893;M
8140918;M
8140976;M
8141013;M
8141065;M
8141119;M
8141160;M
8141183;M
8141214;M
8141243;M
8141250;M
8141272;M
8141303;M
8141310;M
8141355;M
8141390;M
8141415;M
8141444;M
8141540;M
8141616;M
8141622;M
8141680;M
8141697;M
8141705;C
8141763;S
8141770;M
8141792;C
8141817;S
8141993;C
8142053;A
8142076;M
8142188;M
8142219;C
8142283;C
8142320;M
8142389;C
8142403;A
8142426;M
8142432;M
8142449;M
8142455;M
8142461;A
8142478;M
8142490;M
8142509;M
8142515;M
8142521;A
8142538;M
8142580;M
8142596;M
8142604;M
8142633;M
8142656;M
8142685;M
8142797;M
8142805;M
8142811;M
8142828;M
8142857;C
8142863;M
8142870;M
8142998;M
8143006;M
8143012;M
8143070;M
8143087;M
8143093;M
8143101;M
8143118;M
8143124;M
8143130;M
8143147;M
8143153;M
8143176;M
8143182;M
8143213;M
8143220;C
8143236;M
8143242;M
8143259;M
8143265;M
8143288;M
8143294;M
8143319;M
8143360;M
8143383;M
8143390;M
8143408;M
8143555;M
8143561;M
8143578;M
8143584;M
8143615;M
8143621;M
8143638;M
8143644;M
8143650;M
8143756;M
8143779;M
8143785;M
8143791;M
8143800;M
8143816;M
8143822;M
8144129;M
8144141;A
8144158;M
8144164;M
8144170;M
8144187;M
8144193;M
8144201;M
8144218;M
8144224;M
8144230;M
8144247;M
8144253;M
8144260;M
8144276;M
8144282;M
8144299;M
8144307;M
8144313;M
8144320;M
8144336;M
8144342;M
8144359;M
8144365;M
8144371;M
8144388;M
8144394;M
8144402;M
8144419;M
8144425;M
8144431;M
8144448;M
8144454;M
8144460;M
8144477;M
8144483;M
8144490;M
8144508;M
8144514;M
8144520;M
8144537;M
8144543;M
8144550;M
8144566;M
8144572;M
8144589;M
8144595;M
8144603;M
8144610;M
8144626;M
8144632;M
8144649;M
8144655;M
8144661;M
8144678;M
8144684;M
8144690;M
8144709;M
8144715;M
8144721;M
8144738;M
8144744;M
8144750;M
8144767;M
8144773;M
8144780;M
8144796;M
8144833;M
8144840;M
8144856;M
8144879;M
8144916;M
8144980;C
8145011;M
8145086;M
8145100;M
8145117;M
8145235;M
8145258;M
8145270;M
8145293;M
8145324;M
8145347;M
8145360;M
8145548;M
8145620;M
8145650;M
8145672;M
8145689;M
8145695;M
8145710;M
8145726;M
8145732;M
8145749;M
8145761;M
8145778;M
8145809;M
8145821;M
8145844;M
8145867;M
8145873;M
8145880;M
8145896;M
8145904;M
8145910;M
8145927;M
8145956;M
8146022;M
8146039;M
8146045;M
8146051;M
8146068;M
8146074;M
8146097;M
8146105;M
8146111;M
8146128;M
8146134;M
8146140;M
8146157;M
8146163;M
8146186;M
8146200;M
8146217;M
8146223;M
8146230;M
8146246;M
8146252;M
8146269;M
8146275;M
8146306;M
8146312;M
8146329;M
8146335;M
8146358;M
8146364;M
8146370;M
8146387;M
8146393;M
8146401;M
8146418;M
8146424;M
8146430;M
8146631;M
8146654;M
8146660;M
8146677;M
8146683;M
8146690;M
8146708;M
8146714;M
8146737;M
8146743;M
8146750;M
8146772;M
8146803;M
8146855;M
8146915;M
8146980;M
8147040;M
8147062;M
8147091;M
8147100;M
8147122;M
8147139;C
8147145;M
8147151;M
8147168;M
8147174;M
8147180;M
8147197;M
8147205;M
8147211;M
8147228;M
8147234;M
8147240;M
8147257;M
8147263;M
8147270;M
8147286;M
8147292;M
8147317;M
8147323;M
8147330;M
8147346;M
8147352;M
8147369;M
8147381;M
8147398;C
8147406;M
8147412;M
8147429;M
8147441;M
8147458;M
8147464;M
8147470;M
8147487;M
8147493;M
8147501;M
8147518;M
8147524;M
8147530;M
8147547;M
8147553;M
8147560;M
8147576;M
8147582;M
8147599;M
8147607;M
8147613;M
8147620;M
8147636;M
8147642;M
8147659;M
8147665;M
8147671;M
8147688;M
8147694;M
8147702;M
8147719;M
8147725;M
8147731;G
8147748;G
8147754;M
8147777;M
8147783;M
8147808;M
8147814;M
8147820;M
8147837;M
8147843;M
8147850;M
8147866;M
8147872;M
8147889;M
8147895;M
8147903;M
8147910;M
8147926;M
8147932;M
8147949;M
8147955;M
8147961;M
8147978;M
8147984;M
8147990;M
8148009;M
8148015;M
8148021;M
8148038;M
8148044;M
8148050;M
8148067;M
8148073;M
8148080;M
8148191;M
8148222;S
8148618;G
8148624;C
8148759;M
8148765;M
8148794;M
8149167;M
8149173;M
8149180;M
8149196;M
8149204;M
8149210;M
8149227;M
8149233;M
8149240;M
8149256;M
8149262;M
8149279;M
8149285;M
8149291;M
8149322;M
8149339;M
8149345;M
8149351;M
8149368;M
8149374;M
8149380;M
8149397;M
8149405;M
8149411;M
8149428;M
8149434;M
8149440;M
8149457;M
8149463;M
8149470;M
8149486;M
8149492;M
8149500;M
8149517;M
8149523;M
8149530;M
8149546;M
8149552;M
8149575;M
8149581;M
8149598;M
8149612;M
8149629;M
8149635;M
8149641;M
8149658;M
8149664;M
8149670;M
8149687;M
8149693;M
8149701;M
8149724;M
8149730;M
8149747;M
8149776;M
8149782;M
8149799;M
8149807;M
8149820;M
8149836;M
8149842;M
8149859;M
8149865;M
8149871;M
8149919;M
8149925;M
8149931;M
8149948;M
8149954;M
8149977;M
8149983;M
8149990;M
8150006;M
8150160;M
8150176;M
8150182;M
8150199;M
8150207;M
8150213;M
8150319;M
8150348;M
8150360;M
8150638;M
8150650;M
8150673;M
8150710;M
8150727;M
8150733;M
8150785;M
8150791;M
8150800;M
8150816;M
8150822;M
8150845;M
8150874;M
8150905;M
8150911;M
8150928;M
8150934;M
8150940;M
8150957;M
8150986;M
8150992;M
8151052;M
8151201;M
8151230;M
8151260;M
8151276;M
8151307;M
8151342;M
8151359;M
8151371;M
8151483;M
8151490;M
8151508;M
8151514;M
8151520;M
8151537;M
8151543;M
8151550;M
8151566;M
8151572;M
8151589;M
8151595;M
8151603;M
8151610;M
8151626;M
8151632;M
8151649;M
8151655;M
8151661;M
8151678;M
8151684;M
8151690;M
8151709;M
8151715;M
8151721;M
8151738;M
8151744;M
8151750;M
8151767;M
8151773;M
8151780;M
8151796;M
8151804;M
8151810;M
8151827;M
8151833;M
8151840;M
8151856;M
8151862;M
8151879;M
8151885;M
8151891;M
8151900;M
8151916;M
8151922;M
8151939;M
8151945;M
8151951;M
8151968;M
8151974;M
8151980;M
8151997;M
8152005;M
8152011;M
8152028;M
8152034;M
8152040;M
8152057;M
8152063;M
8152070;M
8152086;M
8152092;M
8152100;M
8152117;M
8152123;M
8152130;M
8152146;M
8152152;M
8152169;M
8152175;M
8152181;M
8152198;M
8152206;M
8152212;M
8152229;M
8152235;M
8152241;M
8152258;M
8152264;M
8152270;M
8152293;M
8152301;M
8152318;M
8152324;M
8152330;M
8152347;M
8152353;M
8152360;M
8152376;M
8152382;M
8152399;M
8152407;M
8152413;M
8152420;M
8152436;M
8152442;M
8152459;M
8152488;M
8152494;M
8152502;M
8152525;M
8152531;M
8152554;M
8152560;M
8152577;M
8152590;M
8152608;M
8152620;M
8152637;M
8152643;M
8152650;M
8152666;M
8152672;M
8152689;M
8152695;M
8152703;M
8152710;M
8152726;M
8152749;M
8152755;M
8152761;M
8152778;M
8152784;M
8152790;M
8152809;M
8152838;M
8152844;M
8152850;M
8152867;M
8152873;M
8152880;M
8152896;M
8152904;M
8152910;M
8152927;M
8152933;M
8152940;M
8152956;M
8152962;C
8152991;M
8153000;M
8153016;M
8153022;M
8153039;M
8153045;M
8153051;M
8153068;M
8153097;M
8153111;M
8153128;M
8153134;M
8153140;M
8153186;M
8153192;M
8153200;M
8153223;M
8153230;M
8153246;M
8153252;M
8153269;M
8153275;M
8153281;M
8153298;M
8153306;M
8153312;M
8153329;M
8153335;M
8153341;M
8153358;M
8153387;M
8153418;M
8153424;M
8153430;M
8153447;M
8153453;M
8153460;M
8153476;M
8153482;M
8153499;M
8153507;M
8153513;M
8153520;M
8153536;M
8153542;M
8153559;M
8153565;M
8153571;M
8153588;M
8153594;M
8153602;M
8153619;M
8153625;M
8153631;M
8153648;M
8153654;M
8153660;M
8153677;M
8153683;M
8153690;M
8153708;M
8153720;M
8153737;M
8153743;M
8153750;M
8153766;M
8153772;M
8153789;M
8153795;M
8153803;M
8153810;M
8153826;M
8153832;M
8153878;M
8153884;M
8153890;M
8153909;M
8153915;M
8153921;M
8153938;M
8153944;M
8153950;M
8153967;M
8153973;M
8153980;M
8153996;M
8154004;M
8154010;M
8154027;M
8154033;M
8154040;M
8154056;M
8154062;M
8154079;M
8154085;M
8154091;M
8154100;M
8154116;M
8154122;M
8154139;M
8154145;M
8154151;M
8154168;M
8154174;M
8154180;M
8154197;M
8154205;M
8154211;M
8154228;M
8154234;M
8154240;M
8154257;M
8154263;M
8154270;M
8154330;M
8154346;M
8154375;M
8154381;M
8154398;M
8154406;M
8154412;M
8154429;M
8154441;M
8154458;M
8154464;M
8154470;M
8154487;M
8154493;M
8154501;M
8154518;M
8154524;M
8154553;M
8154560;M
8154582;M
8154620;M
8154636;M
8154642;M
8154659;M
8154665;M
8154688;M
8154694;M
8154702;M
8154719;M
8154748;M
8154760;M
8154783;M
8154790;M
8154814;M
8154820;M
8154837;M
8154850;M
8154872;M
8154889;M
8154895;M
8154903;M
8154955;M
8155015;M
8155021;M
8155096;M
8155104;M
8155127;M
8155140;M
8155162;M
8155179;M
8155185;M
8155191;M
8155200;M
8155222;M
8155239;M
8155245;M
8155251;M
8155268;M
8155274;M
8155280;M
8155297;M
8155305;M
8155311;M
8155328;M
8155452;C
8155469;M
8155475;C
8156167;M
8156196;M
8156279;M
8156291;M
8156300;M
8156581;M
8156724;M
8157221;C
8157379;M
8157818;M
8158344;C
8159763;C
8162222;M
8162239;M
8162370;M
8162452;M
8163210;M
8168450;M
8168466;M
8168489;M
8168495;M
8168503;M
8168526;M
8168779;M
8170888;M
8170894;M
8170902;M
8170919;M
8170925;M
8170931;M
8170948;M
8170954;M
8171126;M
8171190;M
8171209;M
8171215;M
8171221;M
8171310;C
8171327;C
8171333;C
8171468;M
8171474;M
8171480;M
8171505;M
8171511;M
8171528;M
8171534;M
8171758;M
8171764;M
8171770;M
8173616;M
8173622;M
8173639;M
8173645;M
8173728;M
8173734;M
8173740;M
8174107;M
8174113;M
8174290;M
8174484;M
8174509;M
8174515;M
8174521;M
8174538;M
8174544;M
8174550;M
8174567;M
8174573;M
8174580;M
8174627;M
8174640;M
8174656;M
8174662;M
8174679;M
8174685;M
8174857;M
8174863;M
8174870;M
8174892;S
8175325;G
8176253;M
8177198;M
8177206;M
8177235;M
8177459;C
8177465;C
8177494;C
8177502;M
8177519;M
8177525;M
8177583;M
8177590;M
8177608;M
8177614;M
8177620;M
8177726;M
8177732;M
8177749;M
8177755;M
8177761;M
8177778;M
8177790;M
8177809;M
8177815;M
8177821;M
8177838;M
8177844;M
8177850;M
8177867;M
8177873;M
8177880;M
8177896;M
8177904;M
8177940;M
8177956;M
8177962;M
8177979;M
8177985;M
8177991;M
8178000;M
8178016;M
8178022;M
8178039;M
8178045;M
8178051;M
8178068;M
8178074;M
8178080;M
8178097;M
8178105;M
8178186;M
8178192;M
8178298;M
8178306;M
8178312;M
8178329;M
8178335;M
8178341;M
8178358;M
8178364;M
8178370;M
8178387;M
8178447;M
8178453;M
8178460;M
8178476;M
8178482;M
8178499;M
8178507;M
8178513;M
8178520;M
8178536;M
8178542;M
8178559;M
8178565;M
8178571;M
8178588;M
8178594;M
8178619;M
8178625;M
8178789;M
8179174;M
8179330;M
8179346;M
8179352;M
8179398;M
8179412;M
8179435;M
8179441;M
8179553;M
8179560;M
8179754;M
8180102;M
8181863;M
8181892;M
8181900;M
8181923;M
8181930;M
8182390;C
8182414;C
8182420;C
8182437;A
8182644;M
8182650;M
8182667;M
8182696;C
8182704;C
8182710;C
8182727;C
8182733;M
8182740;M
8182756;M
8182785;M
8182800;C
8182816;C
8182822;M
8182839;M
8182880;M
8182905;M
8182911;M
8182928;M
8182934;M
8182940;C
8182957;C
8182963;M
8182970;M
8182986;M
8182992;M
8183000;M
8183017;M
8183023;M
8183030;M
8183046;M
8183052;M
8183069;M
8183075;M
8183081;M
8183098;R
8183106;R
8183112;R
8183129;R
8183164;A
8183187;A
8183193;A
8183201;M
8183218;M
8183224;M
8183230;M
8183247;M
8183253;M
8183260;M
8183276;M
8183282;M
8183299;M
8183307;M
8183313;M
8183320;M
8183336;M
8183342;M
8183365;M
8183371;M
8183388;M
8183394;M
8183402;M
8183419;M
8183425;M
8183431;M
8183448;M
8183454;M
8183460;M
8183477;M
8183483;M
8183490;M
8183508;M
8183514;M
8183520;M
8183537;M
8183543;M
8183550;M
8183566;M
8183572;M
8183589;M
8183595;M
8183603;M
8183610;C
8183626;C
8183632;C
8183649;C
8183655;M
8183661;M
8183678;M
8183684;M
8183690;M
8183709;M
8183715;C
8183796;A
8183804;A
8183810;A
8183827;S
8183833;C
8183879;M
8183891;M
8183900;M
8183916;M
8183922;M
8183939;M
8183945;M
8183951;M
8183968;M
8183974;M
8183980;M
8184011;M
8184028;M
8184034;M
8184040;M
8184063;A
8184070;A
8184086;A
8184092;A
8184100;S
8184130;A
8184146;M
8184152;M
8184169;M
8184175;M
8184181;M
8184198;M
8184206;M
8184212;M
8184229;M
8184235;M
8184241;M
8184258;M
8184264;M
8184270;M
8184287;M
8184293;G
8184301;M
8184347;M
8184353;M
8184360;M
8184376;M
8184407;M
8184413;M
8184436;M
8184442;M
8184465;M
8184471;C
8184488;C
8184494;M
8184519;M
8184531;M
8184548;M
8184554;M
8184560;M
8184577;M
8184583;M
8184590;M
8184614;M
8184620;M
8184643;M
8184650;M
8184666;M
8184672;M
8184689;M
8184703;M
8184710;M
8184726;M
8184732;M
8184749;M
8184755;M
8184761;M
8184778;M
8184790;M
8184809;A
8184815;A
8184821;R
8184838;R
8184844;A
8184850;A
8184873;A
8184880;A
8184896;G
8184904;M
8184910;M
8184933;M
8184940;M
8184962;M
8184979;M
8184985;M
8184991;M
8185022;M
8185039;M
8185068;M
8185074;M
8185080;M
8185097;M
8185105;M
8185111;M
8185128;M
8185134;M
8185140;M
8185157;G
8185163;G
8185170;M
8185186;M
8185192;M
8185200;M
8185217;M
8185223;M
8185230;M
8185246;M
8185275;M
8185281;M
8185298;M
8185306;M
8185312;M
8185329;M
8185335;M
8185341;M
8185358;M
8185364;M
8185370;M
8185387;M
8185393;M
8185401;M
8185418;M
8185424;M
8185430;M
8185447;M
8185453;M
8185460;M
8185482;M
8185499;M
8185507;C
8185513;M
8185520;M
8185536;M
8185542;M
8185559;M
8185565;M
8185571;M
8185588;M
8185594;M
8185602;M
8185619;M
8185625;S
8185631;S
8185648;M
8185654;R
8185660;A
8185677;M
8185683;A
8185690;A
8185708;A
8185714;S
8185720;M
8185766;M
8185772;M
8185789;M
8185795;M
8185803;M
8185810;M
8185826;M
8185832;M
8185849;M
8185855;M
8185861;M
8185878;M
8185884;M
8185890;M
8185909;M
8185915;M
8185921;M
8185938;M
8185944;M
8185950;M
8185967;M
8185973;M
8185980;M
8185996;M
8186004;M
8186010;M
8186027;M
8186033;M
8186056;C
8186062;C
8186079;C
8186085;M
8186091;M
8186116;M
8186122;M
8186139;M
8186145;M
8186151;M
8186168;M
8186174;M
8186180;M
8186197;M
8186205;M
8186211;M
8186228;M
8186234;M
8186240;M
8186257;M
8186263;M
8186270;M
8186286;M
8186292;M
8186300;M
8186317;M
8186323;M
8186330;M
8186346;M
8186352;M
8186369;M
8186375;C
8186381;M
8186406;M
8186429;M
8186435;M
8186441;M
8186458;M
8186464;M
8186470;M
8186487;M
8186493;M
8186501;M
8186524;S
8186553;M
8186620;S
8186636;M
8186642;M
8186659;M
8186671;G
8186688;G
8186702;M
8186777;M
8186783;M
8186790;M
8186808;M
8186814;M
8186837;M
8186843;M
8186850;M
8186872;M
8186895;M
8186903;M
8186910;M
8186926;M
8186932;M
8186949;M
8186955;M
8186961;M
8186978;M
8186984;M
8186990;M
8187009;M
8187015;M
8187021;M
8187038;M
8187044;M
8187050;M
8187067;M
8187073;M
8187096;M
8187104;M
8187110;M
8187127;M
8187133;M
8187140;C
8187156;M
8187162;M
8187179;M
8187191;M
8187200;M
8187216;M
8187222;S
8187239;M
8187245;M
8187268;M
8187274;M
8187280;M
8187297;M
8187305;M
8187311;M
8187328;M
8187334;M
8187340;M
8187357;M
8187363;M
8187370;M
8187386;M
8187392;M
8187400;M
8187417;M
8187423;M
8187446;M
8187498;M
8187506;M
8187512;M
8187529;S
8187564;C
8187570;M
8187601;C
8187647;A
8188233;M
8195523;M
8198190;M
8310013;C
8310020;C
8310036;C
8310042;C
8410016;C
8410097;C
8410105;C
8410111;C
8410128;C
8410134;C
8410157;C
8410163;C
8416272;C
8416289;C
8416295;C
8416332;C
8416349;C
8416384;C
8416770;C
8416786;C
8416792;C
8416800;C
8416817;C
8416830;C
8417142;C
8426767;C
8426780;C
8426827;C
8426879;C
8426945;C
8426997;C
8427034;C
8427070;C
8427123;C
8427130;C
8427407;C
8427420;C
8427436;C
8427442;C
8427465;C
8427488;C
8427502;C
8427531;C
8427548;C
8428039;C
8428045;C
8428683;C
8428750;C
8428766;C
8428772;C
8428795;C
8428803;C
8428832;C
8428849;C
9110010;K
9110026;K
9110032;K
9110049;K
9110055;K
9110061;K
9110078;K
9110084;K
9110090;K
9110109;K
9110121;K
9110144;K
9110150;K
9110167;K
9110173;K
9110196;K
9110204;K
9110210;K
9110227;K
9110233;K
9110240;K
9110256;K
9110262;K
9110279;K
9110285;K
9110291;K
9110316;K
9110345;K
9122012;K
9122035;K
9122064;K
9122093;K
9122124;K
9122153;K
9122259;K
9122265;K
9124169;K
9124643;K
9124650;K
9124689;K
9124710;K
9124749;K
9125944;K
9125950;K
9125967;K
9125996;K
9128150;K
9129847;K
9129853;K
9148780;K
9148804;K
9148974;K
9150391;K
9150741;K
9150764;K
9150770;K
9152697;K
9154271;K
9155483;K
9157306;K
9157312;K
9157884;K
9159251;K
9159660;K
9161549;K
9161555;K
9161561;K
9161584;K
9161609;K
9161615;K
9161621;K
9162891;K
9162974;K
9163028;K
9163070;K
9163130;K
9163420;K
9164690;K
9164708;K
9166512;K
9166541;K
9166630;K
9166848;K
9166860;K
9166890;K
9166937;K
9166943;K
9167078;K
9167084;K
9167090;K
9169479;K
9169485;K
9169491;K
9173340;K
9173660;K
9173713;K
9173877;K
9175468;K
9175497;K
9177266;K
9177272;K
9178113;K
9178120;K
9178136;K
9178142;K
9178159;K
9178202;K
9178219;K
9178225;K
9178231;K
9178248;K
9178254;K
9178283;K
9178290;K
9178308;K
9178320;K
9178337;K
9178343;K
9178366;K
9178372;K
9178389;K
9178403;K
9178432;K
9178449;K
9178455;K
9178461;K
9178478;K
9178484;K
9178490;K
9178509;K
9178515;K
9178521;K
9178538;K
9178544;K
9178550;K
9178567;K
9178573;K
9178580;K
9178596;K
9178604;K
9178610;K
9178627;K
9178633;K
9178640;K
9178656;K
9178662;K
9178679;K
9178685;K
9178691;K
9178700;K
9178716;K
9178722;K
9178739;K
9178751;K
9178768;K
9178774;K
9178780;K
9178797;K
9178805;K
9178811;K
9178828;K
9178834;K
9178840;K
9178857;K
9178863;K
9178870;K
9178886;K
9178917;K
9178923;K
9178930;K
9178946;K
9178952;K
9178969;K
9178975;K
9178981;K
9178998;K
9179006;K
9179012;K
9179041;K
9179058;K
9179064;K
9179070;K
9179087;K
9179265;K
9195287;K
9210012;K
9210029;K
9210035;K
9210041;K
9210058;K
9210070;K
9210087;K
9210101;K
9210124;K
9210130;K
9210147;K
9210153;K
9210176;K
9222274;K
9222280;K
9225634;K
9225640;K
9225657;K
9225663;K
9225924;K
9248813;K
9248820;K
9256586;K
9257746;K
9259260;K
9259969;K
9261630;K
9261647;K
9261653;K
9261660;K
9264580;K
9264686;K
9266478;K
9266923;K
9268454;K
9269502;K
9269519;K
9269525;K
9273350;K
9273863;K
9277281;K
9277298;K
9277306;K
9277312;K
9277329;K
9277335;K
9277341;K
9277364;K
9277370;K
9277387;K
9277393;K
9277424;K
9277430;K
9277447;K
9277476;K
9277482;K
9277499;K
9277513;K
9277520;K
9277536;K
9277542;K
9277559;K
9277565;K
9277571;K
9277588;K
9279080;K
9279096;K
9279110;K
9279127;K
9310015;K
9310021;K
9310038;K
9310044;K
9310050;K
9310067;K
9310073;K
9310080;K
9310096;K
9310110;K
9310179;K
9310185;K
9310191;K
9310200;K
9310216;K
9310222;K
9310239;K
9310268;K
9310274;K
9310280;K
9310297;K
9310305;K
9310311;K
9310370;K
9310386;K
9310392;K
9310400;K
9310417;K
9310423;K
9310430;K
9310446;K
9310452;K
9310469;K
9310475;K
9310707;K
9312534;K
9322290;K
9322308;K
9322314;K
9322337;K
9322343;K
9322350;K
9322366;K
9322389;K
9322395;K
9322410;K
9324804;K
9324856;K
9325413;K
9325488;K
9325554;K
9325560;K
9325577;K
9325583;K
9325590;K
9325614;K
9325620;K
9325703;K
9325732;K
9325749;K
9325784;K
9325809;K
9325821;K
9325844;K
9325850;K
9325867;K
9325904;K
9325933;K
9326016;K
9326022;K
9326750;K
9329760;K
9329782;K
9329799;K
9329807;K
9334441;K
9351422;K
9352462;K
9352479;K
9352516;K
9352545;K
9352580;K
9355621;K
9357181;K
9357206;K
9357212;K
9357229;K
9357235;K
9357287;K
9357382;K
9357407;K
9359352;K
9359725;K
9359926;K
9359932;K
9359949;K
9359955;K
9361917;K
9362294;K
9362302;K
9362319;K
9362325;K
9362331;K
9362348;K
9362354;K
9362360;K
9362377;K
9362383;K
9362390;K
9363419;K
9363431;K
9363483;K
9363514;K
9363537;K
9363543;K
9364502;K
9364519;K
9364726;K
9364749;K
9364755;K
9364761;K
9364778;K
9364784;K
9364790;K
9364809;K
9364838;K
9366524;K
9367481;K
9367699;K
9367854;K
9367914;K
9367972;K
9367995;K
9368003;K
9368010;K
9368084;K
9368115;K
9368144;K
9368150;K
9368167;K
9368300;K
9368368;K
9368888;K
9369534;K
9369540;K
9369563;K
9369570;K
9369586;K
9369592;K
9369600;K
9369617;K
9369623;K
9369646;K
9369652;K
9369669;K
9372281;K
9372542;K
9373330;K
9373369;K
9373375;K
9373889;K
9373961;K
9374044;K
9375658;K
9376630;K
9378160;K
9378177;K
9378770;K
9379099;K
9379946;K
9379952;K
9382240;K
9382262;K
9382285;K
9382316;K
9382322;K
9382345;K
9382552;K
9382724;K
9382990;K
9383014;K
9383066;K
9384396;K
9384404;K
9384410;K
9384427;K
9384433;K
9384440;K
9384456;K
9384462;K
9384479;K
9384485;K
9384491;K
9384500;K
9384516;K
9384522;K
9384539;K
9384545;K
9384551;K
9384568;K
9384580;K
9384597;K
9384605;K
9384611;K
9384628;K
9384634;K
9384663;K
9384670;K
9384686;K
9384692;K
9384700;K
9384717;K
9384723;K
9384730;K
9384746;K
9384752;K
9384769;K
9384775;K
9384781;K
9384798;K
9384806;K
9384812;K
9384829;K
9384835;K
9384841;K
9384858;K
9384864;K
9384870;K
9384887;K
9384893;K
9384901;K
9384918;K
9384924;K
9384930;K
9384947;K
9384953;K
9384960;K
9384976;K
9384982;K
9384999;K
9385007;K
9385013;K
9385020;K
9385036;K
9385042;K
9385059;K
9385065;K
9385071;K
9385088;K
9385102;K
9385119;K
9385131;K
9385148;K
9385160;K
9385177;K
9385183;K
9385190;K
9385214;K
9385220;K
9395537;K
